
> audit:final
> npm run verify:public-origin && npm run audit:public-routes && npm run audit:edge && npm run audit:cutover && npm run audit:level1 && npm run audit:level2 && npm run audit:level3 && npm run audit:typography && npm run audit:colors && npm run audit:modular-architecture && npm run audit:public-shell && npm run audit:tintin && npm run audit:store-gate && npm run audit:secure-orders && npm run audit:checkout-delivery && npm run audit:emails && npm run audit:collections && npm run audit:images && npm run audit:content && npm run audit:cart && npm run audit:security && npm run test:phase9-import && npm run audit:release && npm run audit:integral && npm run audit:diagnostics && npm run audit:diagnostic-findings && npm run audit:postphase && npm run audit:reliability && npm run audit:admin-sync && npm run audit:admin-foundation && npm run audit:products-media && npm run audit:admin-orders && npm run audit:users-roles && npm run audit:content-appearance && npm run audit:appearance-unified && npm run audit:email-messaging && npm run audit:analytics-audit && npm run audit:help-pages && npm run audit:aux-pages && npm run audit:final-integration && npm run audit:performance && npm run audit:performance-regressions && npm run audit:page-loading && npm run audit:critical-healing && npm run audit:login-isolation && npm run audit:login-profile && npm run audit:hero-background-controls && npm run audit:storegate-deadlock && npm run audit:app-check-bootstrap && npm run audit:part2h && npm run audit:phase5 && npm run audit:phase6 && npm run audit:phase7-catalog && npm run audit:phase8-ui && npm run audit:phase10 && npm run audit:phase11 && npm run audit:public-operational-contract && npm run audit:cache-versioning


> verify:public-origin
> node scripts/sincronizar-origen-publico.mjs

OK — origen público https://tintinaccesorios.pages.dev; auth tintinaccesorios.pages.dev; futuro https://tintinaccs.com.

> audit:public-routes
> node scripts/normalizar-rutas-publicas.mjs

OK — rutas limpias en 201 archivos frontend.

> audit:edge
> node scripts/auditar-operacion-edge.mjs

OK — Pages Functions incluye /api/health
OK — Pages Functions incluye /api/public-catalog
OK — Pages Functions incluye /sitemap-products.xml
OK — Pages Functions incluye /product
OK — health no devuelve valores de secretos
OK — health valida configuración y Firestore
OK — health responde no-store
OK — sitemap dinámico usa productos reales
OK — sitemap dinámico tiene caché edge
OK — producto edge conserva el asset original
OK — producto edge genera canonical y JSON-LD
OK — producto edge no falla cerrado ante caída de metadatos
OK — monitor de producción cubre /api/health
OK — monitor de producción cubre /api/public-catalog?resource=collections
OK — monitor de producción cubre /sitemap-products.xml
OK — monitor de producción cubre x-tintin-product-meta
OK — CSP global contiene default-src 'self'
OK — CSP global contiene object-src 'none'
OK — CSP global contiene frame-ancestors 'self'
OK — CSP global contiene upgrade-insecure-requests

Operación edge protegida por contrato.

> audit:cutover
> node scripts/auditar-cutover-dominio.mjs

OK — publicOrigin usa HTTPS
OK — futurePublicOrigin usa HTTPS
OK — dominio futuro es tintinaccs.com
OK — config browser generada existe
OK — documento de cutover existe
OK — staging sigue en pages.dev mientras Shopify conserva tintinaccs.com
OK — authDomain sigue en pages.dev antes del cutover
INFO — modo pre-cutover: tintinaccs.com continúa separado hasta completar la lista operativa.

Gate de dominio consistente.

> audit:level1
> node scripts/auditar-nivel-1-fundamentos.js

OK — Existe .env.example
OK — Existe .gitignore
OK — Existe docs/arquitectura-tecnica.md
OK — Existe docs/lista-impacto-cambios.md
OK — Existe docs/respaldo-recuperacion.md
OK — Existe firestore.rules
OK — Existe firebase.json
OK — Existe .github/workflows/desplegar-pages.yml
OK — Existe .github/workflows/auditar-barrido-final-parte-2h.yml
OK — package.json no está excluido del control de versiones
OK — package-lock.json no está excluido del control de versiones
OK — Los archivos .env privados están excluidos
OK — .env.example permanece versionable
OK — Cuentas de servicio y claves privadas están excluidas
OK — La matriz contempla 1920 × 1080
OK — La matriz contempla 1440 × 900
OK — La matriz contempla 1280 × 720
OK — La matriz contempla 1024 × 768
OK — La matriz contempla 768 × 1024
OK — La matriz contempla 390 × 844
OK — La matriz contempla 320 × 568
OK — La matriz contempla el rol Invitado
OK — La matriz contempla el rol Cliente
OK — La matriz contempla el rol Viewer
OK — La matriz contempla el rol Agente
OK — La matriz contempla el rol Admin
OK — La matriz contempla el rol Super Admin
OK — La arquitectura declara al navegador como entorno no confiable
OK — Existe procedimiento de rotación de credenciales
OK — Existe procedimiento de recuperación para datos masivos
OK — Firestore mantiene denegación por defecto
OK — El Super Admin oficial está protegido en reglas
OK — Las cuentas bloqueadas se consideran en permisos
OK — Firebase importa App Check
OK — El estado de App Check nunca se presenta como activo sin configuración
OK — App Check tiene una clave pública configurada
OK — No se detectan secretos privados conocidos en código desplegable
OK — El despliegue publica únicamente después de regenerar diagnósticos
OK — Los despliegues no se pisan entre sí

Nivel 1: base correcta con 0 advertencia(s) externa(s) documentada(s).

> audit:level2
> node scripts/auditar-nivel-2-comercio.js

OK — La línea del carrito se identifica por producto y variante
OK — Las cantidades del carrito se acotan a 1..99
OK — El carrito remoto no pisa una mutación local pendiente
OK — El propio carrito declara que sus precios son solo visuales
OK — El checkout conserva un requestId estable por sesión
OK — El pedido usa UID + requestId como identidad idempotente
OK — Reintentar con el mismo requestId no duplica el pedido (idempotencia server-side)
OK — La guarda de checkout permite reanudar el mismo pedido
OK — El servidor vuelve a leer configuración, usuario y productos reales
OK — Cambios de precio o envío exigen nueva confirmación
OK — El pedido guarda una fotografía histórica autocontenida
OK — Creación del pedido y descuento de stock ocurren en una sola transacción, sin tope bajo de ítems
OK — Firestore valida cantidades, precio, subtotal y total
OK — Firestore vuelve a vincular la reserva con el pedido
OK — La eliminación libera inventario antes de borrar
OK — Un reintento no puede liberar inventario dos veces
OK — Los productos históricos faltantes no bloquean todo el borrado
OK — La papelera masiva conserva fallos y mueve solo pedidos confirmados
OK — Los estados de pedido y pago tienen una fuente administrativa única
OK — La edición mantiene precios históricos y total derivado
OK — La edición administrativa detecta cambios concurrentes
OK — Cambiar estado y pago exige permiso y auditoría
OK — El cliente de correo tiene timeout y reintentos acotados
OK — Solo se reintentan fallos transitorios o resultados parciales
OK — Una sesión vencida renueva el token una sola vez
OK — El historial registra una sola vez el resultado final y la cantidad de intentos
OK — El endpoint usa claves idempotentes estables para correos automáticos
OK — El endpoint vuelve a leer el pedido y valida propiedad
OK — El puente de checkout localiza el pedido por requestId y no por datos inventados
OK — El contrato prohíbe descuentos decididos solo por el navegador
OK — El contrato futuro de promociones exige coherencia en todas las superficies
OK — La documentación antigua ya no afirma que eliminar nunca restaura stock

Nivel 2: contratos comerciales, inventario, pedidos y correos correctos.

> audit:level3
> node scripts/auditar-nivel-3-calidad.js

OK — Viewport canónico desktop-large (1920×1080)
OK — La auditoría de navegador incluye 1920×1080
OK — El contrato documenta 1920 × 1080
OK — Viewport canónico desktop (1440×900)
OK — La auditoría de navegador incluye 1440×900
OK — El contrato documenta 1440 × 900
OK — Viewport canónico laptop (1280×720)
OK — La auditoría de navegador incluye 1280×720
OK — El contrato documenta 1280 × 720
OK — Viewport canónico tablet-landscape (1024×768)
OK — La auditoría de navegador incluye 1024×768
OK — El contrato documenta 1024 × 768
OK — Viewport canónico tablet-portrait (768×1024)
OK — La auditoría de navegador incluye 768×1024
OK — El contrato documenta 768 × 1024
OK — Viewport canónico mobile (390×844)
OK — La auditoría de navegador incluye 390×844
OK — El contrato documenta 390 × 844
OK — Viewport canónico mini-mobile (320×568)
OK — La auditoría de navegador incluye 320×568
OK — El contrato documenta 320 × 568
OK — El manifiesto cubre todos los roles obligatorios
OK — Todas las páginas del manifiesto se prueban en los viewports canónicos
OK — La auditoría canónica detecta página vacía, overflow y navegación duplicada
OK — La auditoría global cubre superficies compartidas y límites de breakpoint
OK — El reintento responsive es automático y está limitado a dos intentos
OK — El comando responsive usa el wrapper de reintento
OK — Existe comando para los siete viewports canónicos
OK — No existen IDs duplicados en las páginas inventariadas
OK — Todas las páginas declaran viewport e idioma español
OK — Existe página SEO index.html
OK — index.html tiene title
OK — index.html tiene description
OK — index.html tiene canonical
OK — index.html tiene Open Graph
OK — Existe página SEO catalogo.html
OK — catalogo.html tiene title
OK — catalogo.html tiene description
OK — catalogo.html tiene canonical
OK — catalogo.html tiene Open Graph
OK — Existe página SEO collections.html
OK — collections.html tiene title
OK — collections.html tiene description
OK — collections.html tiene canonical
OK — collections.html tiene Open Graph
OK — Existe página SEO product.html
OK — product.html tiene title
OK — product.html tiene description
OK — product.html tiene canonical
OK — product.html tiene Open Graph
OK — Existe página SEO about.html
OK — about.html tiene title
OK — about.html tiene description
OK — about.html tiene canonical
OK — about.html tiene Open Graph
OK — Existe página SEO contact.html
OK — contact.html tiene title
OK — contact.html tiene description
OK — contact.html tiene canonical
OK — contact.html tiene Open Graph
OK — Existe página SEO envios.html
OK — envios.html tiene title
OK — envios.html tiene description
OK — envios.html tiene canonical
OK — envios.html tiene Open Graph
OK — Existe página SEO cambios-devoluciones.html
OK — cambios-devoluciones.html tiene title
OK — cambios-devoluciones.html tiene description
OK — cambios-devoluciones.html tiene canonical
OK — cambios-devoluciones.html tiene Open Graph
OK — Existe página SEO preguntas-frecuentes.html
OK — preguntas-frecuentes.html tiene title
OK — preguntas-frecuentes.html tiene description
OK — preguntas-frecuentes.html tiene canonical
OK — preguntas-frecuentes.html tiene Open Graph
OK — Existe página SEO terminos.html
OK — terminos.html tiene title
OK — terminos.html tiene description
OK — terminos.html tiene canonical
OK — terminos.html tiene Open Graph
OK — Existe página SEO privacidad.html
OK — privacidad.html tiene title
OK — privacidad.html tiene description
OK — privacidad.html tiene canonical
OK — privacidad.html tiene Open Graph
OK — admin.html está excluida en HTML
OK — admin-images.html está excluida en HTML
OK — login.html está excluida en HTML
OK — checkout.html está excluida en HTML
OK — perfil.html está excluida en HTML
OK — 404.html está excluida en HTML
OK — robots.txt excluye /admin.html
OK — robots.txt excluye /admin-images.html
OK — robots.txt excluye /login.html
OK — robots.txt excluye /checkout.html
OK — robots.txt excluye /perfil.html
OK — robots.txt enlaza sitemap
OK — sitemap incluye ruta limpia /
OK — sitemap incluye ruta limpia /catalogo
OK — sitemap incluye ruta limpia /collections
OK — sitemap incluye ruta limpia /about
OK — sitemap incluye ruta limpia /contact
OK — sitemap incluye ruta limpia /envios
OK — sitemap incluye ruta limpia /cambios-devoluciones
OK — sitemap incluye ruta limpia /preguntas-frecuentes
OK — sitemap incluye ruta limpia /terminos
OK — sitemap incluye ruta limpia /privacidad
OK — sitemap no publica destinos .html redirigidos
OK — Existe manifest PWA
OK — js/pages/home/mantenimiento-inicio.js contempla recuperación online
OK — js/pages/catalog/mantenimiento-catalogo.js contempla recuperación online
OK — js/pages/collections/mantenimiento-colecciones.js contempla recuperación online
OK — js/pages/product/mantenimiento-producto.js contempla recuperación online
OK — js/pages/login/mantenimiento-acceso.js contempla recuperación online
OK — js/pages/profile/mantenimiento-perfil.js contempla recuperación online
OK — js/pages/checkout/checkout-mantenimiento.js contempla recuperación online
OK — js/pages/checkout/checkout-confiabilidad.js contempla recuperación online
OK — js/pages/institutional/mantenimiento-contacto.js contempla recuperación online
OK — js/components/cart/sincronizacion-carrito.js contempla recuperación online
OK — Las capas principales respetan movimiento reducido
OK — El sistema define foco visible y tamaño táctil
OK — Las páginas tienen exactamente un H1 cuando el manifiesto lo exige
OK — La auditoría de rendimiento protege fuentes, loaders, caché, listeners e imágenes
OK — Existe tripwire de regresión posterior a optimizaciones
OK — La integración final verifica SEO, PWA y fuentes únicas
OK — El contrato prohíbe loaders para ocultar esperas evitables
OK — El contrato exige reintentos sin duplicar operaciones

Nivel 3: responsive, estados, accesibilidad, rendimiento y SEO correctos.

> audit:typography
> node scripts/auditar-tipografia.js

Auditoría tipográfica correcta: 17062 comprobaciones, 18 páginas y 10 archivos WOFF2.
Montserrat es la única familia configurada en el código controlado por la plataforma.

> audit:colors
> node scripts/auditar-esquema-color.js

PASS El catálogo global contiene todos los tokens esperados
PASS El catálogo administrativo contiene todos los tokens esperados
PASS No hay claves globales duplicadas
PASS No hay variables globales duplicadas
PASS No hay claves administrativas duplicadas
PASS No hay variables administrativas duplicadas
PASS Todos los tokens globales tienen respaldo CSS
PASS Todos los tokens administrativos tienen respaldo CSS
PASS Cada token global controla al menos un consumidor real
PASS Cada token administrativo controla al menos un consumidor real
PASS Apariencia conserva una sola sección integrada
PASS Cada fila expone nombre, variable, muestra, valor y reset
PASS El valor textual abre el mismo selector
PASS El selector exige confirmar o cancelar
PASS La vista previa es inmediata sin mutar el borrador
PASS El selector admite HEX, RGB y HSL con validación
PASS El selector permite tono, saturación y luminosidad
PASS El cuentagotas se habilita solo si el navegador lo soporta
PASS Existe comparación del color anterior y nuevo
PASS Existen reset individual, por categoría y total
PASS Existe deshacer el último cambio
PASS Existe aviso real de cambios sin guardar
PASS La publicación muestra impacto antes de guardar
PASS El contraste se verifica antes de publicar, incluso por dispositivo
PASS La vista previa usa sobrescrituras por dispositivo
PASS El runtime público escucha Firestore en tiempo real
PASS El runtime administrativo escucha Firestore en tiempo real
PASS Los cambios publicados se aplican como variables CSS reales
PASS El runtime conserva caché para evitar parpadeos
PASS La primera pintura usa caché o respaldo seguro sin esperar el esquema remoto
PASS El esquema definitivo sigue hidratándose después en tiempo real
PASS La espera remota del esquema no vuelve a ocultar todo el contenido
PASS Todas las páginas públicas cargan tokens, bindings y runtime
PASS Todas las páginas públicas estabilizan el fondo antes del loader y del CSS
PASS Las páginas administrativas cargan su esquema independiente

Auditoría de esquema de colores completada: 153 tokens globales y 36 administrativos verificados.

> audit:modular-architecture
> node scripts/auditar-modular-arquitectura.js

Modular architecture audit passed: 31 archivos obligatorios verificados.

> audit:public-shell
> node scripts/auditar-inicio-navegacion-publica.js

Public shell modular audit passed: 15 pantallas usan navegación separada en escritorio, tableta, móvil y shared.

> audit:tintin
> node scripts/auditar-tintin.js

Tintin audit
============
HTML: 18
CSS: 61
JS: 287
Issues: 131
CRITICAL: 0
WARN: 0
INFO: 131

[INFO] 404.html — Contiene colores hex directos; verificar que pasen por variables o sanitizador
[INFO] about.html — Contiene colores hex directos; verificar que pasen por variables o sanitizador
[INFO] admin-images.html — Contiene colores hex directos; verificar que pasen por variables o sanitizador
[INFO] admin.html — Contiene colores hex directos; verificar que pasen por variables o sanitizador
[INFO] cambios-devoluciones.html — Contiene colores hex directos; verificar que pasen por variables o sanitizador
[INFO] catalogo.html — Contiene colores hex directos; verificar que pasen por variables o sanitizador
[INFO] checkout.html — Contiene colores hex directos; verificar que pasen por variables o sanitizador
[INFO] collections.html — Contiene colores hex directos; verificar que pasen por variables o sanitizador
[INFO] contact.html — Contiene colores hex directos; verificar que pasen por variables o sanitizador
[INFO] css/admin/admin-color-tokens.css — Contiene colores hex directos; verificar que pasen por variables o sanitizador
[INFO] css/admin/admin.css — Contiene colores hex directos; verificar que pasen por variables o sanitizador
[INFO] css/admin/editor-visual.css — Contiene colores hex directos; verificar que pasen por variables o sanitizador
[INFO] css/admin/notificaciones-admin.css — Contiene colores hex directos; verificar que pasen por variables o sanitizador
[INFO] css/admin/participacion-admin.css — Contiene colores hex directos; verificar que pasen por variables o sanitizador
[INFO] css/admin/shopify-commerce-admin.css — Contiene colores hex directos; verificar que pasen por variables o sanitizador
[INFO] css/admin/visual-studio-global-admin.css — Contiene colores hex directos; verificar que pasen por variables o sanitizador
[INFO] css/admin/visual-studio-v2.css — Contiene colores hex directos; verificar que pasen por variables o sanitizador
[INFO] css/components/editor-visual-runtime.css — Contiene colores hex directos; verificar que pasen por variables o sanitizador
[INFO] css/components/location/selector-ubicacion.css — Contiene colores hex directos; verificar que pasen por variables o sanitizador
[INFO] css/components/navigation/compartido/apariencia-global.css — Contiene colores hex directos; verificar que pasen por variables o sanitizador
[INFO] css/components/navigation/compartido/busqueda.css — Contiene colores hex directos; verificar que pasen por variables o sanitizador
[INFO] css/components/navigation/compartido/paneles.css — Contiene colores hex directos; verificar que pasen por variables o sanitizador
[INFO] css/components/navigation/escritorio/encabezado-escritorio.css — Contiene colores hex directos; verificar que pasen por variables o sanitizador
[INFO] css/components/navigation/movil/encabezado-movil.css — Contiene colores hex directos; verificar que pasen por variables o sanitizador
[INFO] css/components/navigation/movil/fondos-solidos-movil.css — Contiene colores hex directos; verificar que pasen por variables o sanitizador
[INFO] css/components/navigation/tableta/encabezado-tableta.css — Contiene colores hex directos; verificar que pasen por variables o sanitizador
[INFO] css/components/notifications/interacciones-sociales.css — Contiene colores hex directos; verificar que pasen por variables o sanitizador
[INFO] css/components/notifications/notificaciones-sociales.css — Contiene colores hex directos; verificar que pasen por variables o sanitizador
[INFO] css/components/payments/payment-methods.css — Contiene colores hex directos; verificar que pasen por variables o sanitizador
[INFO] css/components/visual-studio-global-runtime.css — Contiene colores hex directos; verificar que pasen por variables o sanitizador
[INFO] css/core/tokens-color.css — Contiene colores hex directos; verificar que pasen por variables o sanitizador
[INFO] css/pages/catalog/catalog-maintenance.css — Contiene colores hex directos; verificar que pasen por variables o sanitizador
[INFO] css/pages/checkout/checkout-maintenance.css — Contiene colores hex directos; verificar que pasen por variables o sanitizador
[INFO] css/pages/checkout/checkout.css — Contiene colores hex directos; verificar que pasen por variables o sanitizador
[INFO] css/pages/collections/collections-page.css — Contiene colores hex directos; verificar que pasen por variables o sanitizador
[INFO] css/pages/home/ajuste-inicio.css — Contiene colores hex directos; verificar que pasen por variables o sanitizador
[INFO] css/pages/home/hero-apple-inicio.css — Contiene colores hex directos; verificar que pasen por variables o sanitizador
[INFO] css/pages/home/mantenimiento-inicio.css — Contiene colores hex directos; verificar que pasen por variables o sanitizador
[INFO] css/pages/institutional/about-maintenance.css — Contiene colores hex directos; verificar que pasen por variables o sanitizador
[INFO] css/pages/login/login-fluid-responsive.css — Contiene colores hex directos; verificar que pasen por variables o sanitizador
[INFO] css/pages/login/login-maintenance.css — Contiene colores hex directos; verificar que pasen por variables o sanitizador
[INFO] css/pages/login/login.css — Contiene colores hex directos; verificar que pasen por variables o sanitizador
[INFO] css/pages/product/product-extras.css — Contiene colores hex directos; verificar que pasen por variables o sanitizador
[INFO] css/pages/product/product-maintenance.css — Contiene colores hex directos; verificar que pasen por variables o sanitizador
[INFO] css/pages/product/resenas-producto.css — Contiene colores hex directos; verificar que pasen por variables o sanitizador
[INFO] css/quality/accesibilidad-global.css — Contiene colores hex directos; verificar que pasen por variables o sanitizador
[INFO] css/quality/calidad-interfaz.css — Contiene colores hex directos; verificar que pasen por variables o sanitizador
[INFO] css/quality/contraste.css — Contiene colores hex directos; verificar que pasen por variables o sanitizador
[INFO] css/quality/estados-especiales-sistema.css — Contiene colores hex directos; verificar que pasen por variables o sanitizador
[INFO] css/quality/experiencia-interfaz.css — Contiene colores hex directos; verificar que pasen por variables o sanitizador
[INFO] css/theme/fondo-solido-cargador.css — Contiene colores hex directos; verificar que pasen por variables o sanitizador
[INFO] css/theme/paridad-segura-tintin.css — Contiene colores hex directos; verificar que pasen por variables o sanitizador
[INFO] css/theme/pulido-marca-responsive-tintin.css — Contiene colores hex directos; verificar que pasen por variables o sanitizador
[INFO] css/theme/seguridad-marca-responsive-tintin.css — Contiene colores hex directos; verificar que pasen por variables o sanitizador
[INFO] css/theme/superficies-marca-responsive-tintin.css — Contiene colores hex directos; verificar que pasen por variables o sanitizador
[INFO] css/theme/superficies-solidas-interfaz.css — Contiene colores hex directos; verificar que pasen por variables o sanitizador
[INFO] envios.html — Contiene colores hex directos; verificar que pasen por variables o sanitizador
[INFO] firebase-cloud-functions-inactive/index.js — Contiene colores hex directos; verificar que pasen por variables o sanitizador
[INFO] functions/api/email-otp-send.js — Contiene colores hex directos; verificar que pasen por variables o sanitizador
[INFO] functions/api/order-email.js — Contiene colores hex directos; verificar que pasen por variables o sanitizador
[INFO] functions/api/test-email.js — Contiene colores hex directos; verificar que pasen por variables o sanitizador
[INFO] index.html — Contiene colores hex directos; verificar que pasen por variables o sanitizador
[INFO] js/admin/admin-app.js — Contiene colores hex directos; verificar que pasen por variables o sanitizador
[INFO] js/admin/appearance/editor-visual-admin.js — Contiene colores hex directos; verificar que pasen por variables o sanitizador
[INFO] js/admin/appearance/visual-studio-global-admin.js — Contiene colores hex directos; verificar que pasen por variables o sanitizador
[INFO] js/admin/appearance/visual-studio-layout-admin.js — Contiene colores hex directos; verificar que pasen por variables o sanitizador
[INFO] js/admin/collections/gestion-colecciones-admin.js — Contiene colores hex directos; verificar que pasen por variables o sanitizador
[INFO] js/admin/content/control-bienvenida-admin.js — Contiene colores hex directos; verificar que pasen por variables o sanitizador
[INFO] js/admin/content/gestion-contenido-admin.js — Contiene colores hex directos; verificar que pasen por variables o sanitizador
[INFO] js/admin/importacion-admin.js — Contiene colores hex directos; verificar que pasen por variables o sanitizador
[INFO] js/admin/orders/pedidos-superadmin-crud.js — Contiene colores hex directos; verificar que pasen por variables o sanitizador
[INFO] js/admin/participacion/gestion-participacion-admin.js — Contiene colores hex directos; verificar que pasen por variables o sanitizador
[INFO] js/admin/products/biblioteca-multimedia-admin.js — Contiene colores hex directos; verificar que pasen por variables o sanitizador
[INFO] js/admin/products/gestion-imagenes-admin.js — Contiene colores hex directos; verificar que pasen por variables o sanitizador
[INFO] js/admin/proteccion-cambios-pendientes-admin.js — Contiene colores hex directos; verificar que pasen por variables o sanitizador
[INFO] js/admin/settings/control-tienda-admin.js — Contiene colores hex directos; verificar que pasen por variables o sanitizador
[INFO] js/admin/settings/metodos-pago-admin.js — Contiene colores hex directos; verificar que pasen por variables o sanitizador
[INFO] js/admin/settings/sincronizacion-correo-admin.js — Contiene colores hex directos; verificar que pasen por variables o sanitizador
[INFO] js/admin/users/gestion-usuarios-admin.js — Contiene colores hex directos; verificar que pasen por variables o sanitizador
[INFO] js/components/cart/recuperacion-carrito.js — Contiene colores hex directos; verificar que pasen por variables o sanitizador
[INFO] js/components/cart/sincronizacion-carrito.js — Contiene colores hex directos; verificar que pasen por variables o sanitizador
[INFO] js/components/color/esquema-color-catalogo.js — Contiene colores hex directos; verificar que pasen por variables o sanitizador
[INFO] js/components/color/esquema-color-instantaneo.js — Contiene colores hex directos; verificar que pasen por variables o sanitizador
[INFO] js/components/color/selector-color.js — Contiene colores hex directos; verificar que pasen por variables o sanitizador
[INFO] js/components/images/carga-imagenes.js — Contiene colores hex directos; verificar que pasen por variables o sanitizador
[INFO] js/components/images/imagenes.js — Contiene colores hex directos; verificar que pasen por variables o sanitizador
[INFO] js/components/navigation/compartido/carga-colecciones.js — Contiene colores hex directos; verificar que pasen por variables o sanitizador
[INFO] js/components/navigation/compartido/compatibilidad-cuenta-movil.js — Contiene colores hex directos; verificar que pasen por variables o sanitizador
[INFO] js/components/navigation/compartido/compatibilidad-menus-desplegables.js — Contiene colores hex directos; verificar que pasen por variables o sanitizador
[INFO] js/components/navigation/compartido/iconos.js — Contiene colores hex directos; verificar que pasen por variables o sanitizador
[INFO] js/components/navigation/compartido/panel-busqueda.js — Contiene colores hex directos; verificar que pasen por variables o sanitizador
[INFO] js/components/navigation/tableta/encabezado-tableta.js — Contiene colores hex directos; verificar que pasen por variables o sanitizador
[INFO] js/components/welcome/tutorial-bienvenida.js — Contiene colores hex directos; verificar que pasen por variables o sanitizador
[INFO] js/core/auth/insignia-edicion.js — Contiene colores hex directos; verificar que pasen por variables o sanitizador
[INFO] js/core/auth/navegacion-autenticacion.js — Contiene colores hex directos; verificar que pasen por variables o sanitizador
[INFO] js/core/store/visual-studio-global-runtime.js — Contiene colores hex directos; verificar que pasen por variables o sanitizador
[INFO] js/core/store-gate/nucleo-control-tienda.js — Contiene colores hex directos; verificar que pasen por variables o sanitizador
[INFO] js/diagnostics/panel-depuracion-desplazamiento.js — Contiene colores hex directos; verificar que pasen por variables o sanitizador
[INFO] js/orders/pedido-checkout-seguro.js — Contiene colores hex directos; verificar que pasen por variables o sanitizador
[INFO] js/pages/checkout/checkout-confiabilidad.js — Contiene colores hex directos; verificar que pasen por variables o sanitizador
[INFO] js/pages/checkout/checkout-metodos-pago.js — Contiene colores hex directos; verificar que pasen por variables o sanitizador
[INFO] js/pages/collections/presentacion-colecciones.js — Contiene colores hex directos; verificar que pasen por variables o sanitizador
[INFO] js/pages/institutional/mantenimiento-contacto.js — Contiene colores hex directos; verificar que pasen por variables o sanitizador
[INFO] js/pages/institutional/mantenimiento-legal.js — Contiene colores hex directos; verificar que pasen por variables o sanitizador
[INFO] js/pages/profile/correccion-estadisticas-pedidos-perfil.js — Contiene colores hex directos; verificar que pasen por variables o sanitizador
[INFO] js/pages/profile/mantenimiento-perfil.js — Contiene colores hex directos; verificar que pasen por variables o sanitizador
[INFO] login.html — Contiene colores hex directos; verificar que pasen por variables o sanitizador
[INFO] nosotros.html — Contiene colores hex directos; verificar que pasen por variables o sanitizador
[INFO] perfil.html — Contiene colores hex directos; verificar que pasen por variables o sanitizador
[INFO] preguntas-frecuentes.html — Contiene colores hex directos; verificar que pasen por variables o sanitizador
[INFO] privacidad.html — Contiene colores hex directos; verificar que pasen por variables o sanitizador
[INFO] product.html — Contiene colores hex directos; verificar que pasen por variables o sanitizador
[INFO] scripts/auditar-cargador-solid.js — Contiene colores hex directos; verificar que pasen por variables o sanitizador
[INFO] scripts/auditar-catalogo-pagina.js — Contiene colores hex directos; verificar que pasen por variables o sanitizador
[INFO] scripts/auditar-colecciones-pagina.js — Contiene colores hex directos; verificar que pasen por variables o sanitizador
[INFO] scripts/auditar-diagnostico-hallazgos.js — Contiene colores hex directos; verificar que pasen por variables o sanitizador
[INFO] scripts/auditar-hero-fondo-controles.js — Contiene colores hex directos; verificar que pasen por variables o sanitizador
[INFO] scripts/auditar-inicio-navegacion-publica.js — Contiene colores hex directos; verificar que pasen por variables o sanitizador
[INFO] scripts/auditar-inicio-pagina.js — Contiene colores hex directos; verificar que pasen por variables o sanitizador
[INFO] scripts/auditar-producto-pagina.js — Contiene colores hex directos; verificar que pasen por variables o sanitizador
[INFO] scripts/auditar-sitio-confiabilidad.js — Contiene colores hex directos; verificar que pasen por variables o sanitizador
[INFO] scripts/corregir-fuente-tintin.js — Contiene colores hex directos; verificar que pasen por variables o sanitizador
[INFO] styles.css — Contiene colores hex directos; verificar que pasen por variables o sanitizador
[INFO] terminos.html — Contiene colores hex directos; verificar que pasen por variables o sanitizador
[INFO] tests/navigation/header-responsive.spec.js — Contiene colores hex directos; verificar que pasen por variables o sanitizador
[INFO] tests/ui-ux/admin-commerce-shopify.spec.js — Contiene colores hex directos; verificar que pasen por variables o sanitizador
[INFO] tests/visual-builder/apariencia-preview-abajo.spec.js — Contiene colores hex directos; verificar que pasen por variables o sanitizador
[INFO] tests/visual-builder/visual-builder-runtime.spec.js — Contiene colores hex directos; verificar que pasen por variables o sanitizador
[INFO] tests/visual-builder/visual-builder-ui.spec.js — Contiene colores hex directos; verificar que pasen por variables o sanitizador
[INFO] tests/visual-builder/visual-studio-v2-runtime.spec.js — Contiene colores hex directos; verificar que pasen por variables o sanitizador
[INFO] tienda.js — Contiene colores hex directos; verificar que pasen por variables o sanitizador

> audit:store-gate
> node scripts/auditar-control-tienda.js

✓ Bloqueo síncrono antes del body
✓ Fallback si falla el módulo
✓ El tope de espera da margen real a redes o equipos lentos
✓ Runtime diferido hasta permitir acceso
✓ Runtime público sin observadores globales duplicados
✓ Loader se retira ante cierre o indisponibilidad
✓ Indisponibilidad sin ventanas alternantes
✓ Auth nav no duplica módulos globales
✓ Sin observadores globales de interfaz
✓ Guard del overlay observa solo hijos directos
✓ Bypass limitado a localhost
✓ Login y admin tienen guard propio
✓ Antimanipulación visual
✓ Botón de iniciar sesión identificable
✓ Botón de iniciar sesión fuerza navegación en captura
✓ URL de login conserva la carpeta del sitio
✓ Overlay conserva interacción
✓ Documento público mínimo
✓ Comprobación temprana compatible sin falso cierre
✓ Estado abierto recuperable si el navegador bloquea el canal normal
✓ Catálogo y colecciones tienen lectura pública compatible
✓ Respaldo REST es estrictamente de solo lectura
✓ Sin apertura por error
✓ Checkout comparte el formato validado del control global
✓ Super Admin por correo real
✓ Sincronización del panel
✓ Sin cierre temporal al abrir el panel
✓ Selección local protegida hasta guardar
✓ Guardado disponible si falla solo storeGate
✓ Guardado atómico del estado de tienda
✓ Estado administrativo coherente con las reglas
✓ Regla pública mínima
✓ Configuración completa cerrada
✓ Productos cerrados
✓ Colecciones cerradas
✓ Contenido cerrado
✓ Carrito cerrado
✓ Pedidos cerrados para público y staff; alta manual exclusiva de Super Admin
✓ Sin lectura pública vieja
✓ Loader global en 404.html
✓ Sin bypass en 404.html
✓ Loader global en about.html
✓ Sin bypass en about.html
✓ Loader global en admin-images.html
✓ Sin bypass en admin-images.html
✓ Loader global en admin.html
✓ Sin bypass en admin.html
✓ Loader global en cambios-devoluciones.html
✓ Sin bypass en cambios-devoluciones.html
✓ Loader global en catalogo.html
✓ Sin bypass en catalogo.html
✓ Loader global en checkout.html
✓ Sin bypass en checkout.html
✓ Loader global en collections.html
✓ Sin bypass en collections.html
✓ Loader global en contact.html
✓ Sin bypass en contact.html
✓ Loader global en envios.html
✓ Sin bypass en envios.html
✓ Loader global en index.html
✓ Sin bypass en index.html
✓ Loader global en login.html
✓ Sin bypass en login.html
✓ Loader global en nosotros.html
✓ Sin bypass en nosotros.html
✓ Loader global en perfil.html
✓ Sin bypass en perfil.html
✓ Loader global en preguntas-frecuentes.html
✓ Sin bypass en preguntas-frecuentes.html
✓ Loader global en privacidad.html
✓ Sin bypass en privacidad.html
✓ Loader global en product.html
✓ Sin bypass en product.html
✓ Loader global en terminos.html
✓ Sin bypass en terminos.html

Resultado: 75/75 comprobaciones correctas.
Paso 1: cierre total verificado a nivel de archivos.

> audit:secure-orders
> node scripts/auditar-seguro-pedidos.js && npm run test:checkout-contract && npm run test:paypal

OK — No depende de Cloud Functions
OK — El checkout crea el pedido a través del endpoint server-side, sin tope de productos
OK — El cliente del endpoint manda el idToken real, no un secreto público
OK — El servidor (Apps Script) vuelve a leer productos y precios reales
OK — El servidor crea el pedido y descuenta stock en una sola transacción, sin tope de ítems
OK — Reintentos con el mismo pedido no lo duplican
OK — TINPED se asigna dentro de la misma transacción que crea el pedido
OK — El servidor exige tienda abierta, cuenta activa y turno de compra vigente
OK — Cambios de precio requieren nueva confirmación
OK — Cambios de stock se explican al cliente
OK — El navegador solo puede crear pedidos manuales siendo Super Admin
OK — El servidor valida tienda, cuenta y correo antes de crear el pedido
OK — El checkout seguro se carga solo donde corresponde

Auditoría de pedidos gratuitos completada correctamente.

> test:checkout-contract
> node --test tests/checkout/*.test.mjs

TAP version 13
# Subtest: checkout conserva una clave idempotente cuando sessionStorage está bloqueado
ok 1 - checkout conserva una clave idempotente cuando sessionStorage está bloqueado
  ---
  duration_ms: 1.77744
  type: 'test'
  ...
# Subtest: el carrito clásico tolera localStorage bloqueado
ok 2 - el carrito clásico tolera localStorage bloqueado
  ---
  duration_ms: 3.089783
  type: 'test'
  ...
# Subtest: los campos y errores del checkout exponen nombres y alertas accesibles
ok 3 - los campos y errores del checkout exponen nombres y alertas accesibles
  ---
  duration_ms: 1.547327
  type: 'test'
  ...
# (node:6007) [MODULE_TYPELESS_PACKAGE_JSON] Warning: Module type of file:///home/runner/work/tintin-web/tintin-web/js/pages/checkout/checkout-encomienda.js is not specified and it doesn't parse as CommonJS.
# Reparsing as ES module because module syntax was detected. This incurs a performance overhead.
# To eliminate this warning, add "type": "module" to /home/runner/work/tintin-web/tintin-web/package.json.
# (Use `node --trace-warnings ...` to show where the warning was created)
# Subtest: sin elegir modo no se le pide ningún dato
ok 4 - sin elegir modo no se le pide ningún dato
  ---
  duration_ms: 1.648958
  type: 'test'
  ...
# Subtest: retiro en agencia: sin mapa, sin dirección, con el aviso
ok 5 - retiro en agencia: sin mapa, sin dirección, con el aviso
  ---
  duration_ms: 1.948212
  type: 'test'
  ...
# Subtest: entrega en puerta: mapa y dirección, igual que el delivery
ok 6 - entrega en puerta: mapa y dirección, igual que el delivery
  ---
  duration_ms: 0.261603
  type: 'test'
  ...
# Subtest: no se puede continuar sin elegir cómo lo recibe
ok 7 - no se puede continuar sin elegir cómo lo recibe
  ---
  duration_ms: 0.255692
  type: 'test'
  ...
# Subtest: retiro en agencia no exige nada más
ok 8 - retiro en agencia no exige nada más
  ---
  duration_ms: 0.328308
  type: 'test'
  ...
# Subtest: entrega en puerta exige el punto en el mapa
ok 9 - entrega en puerta exige el punto en el mapa
  ---
  duration_ms: 0.221227
  type: 'test'
  ...
# Subtest: entrega en puerta exige un nombre para la ubicación
ok 10 - entrega en puerta exige un nombre para la ubicación
  ---
  duration_ms: 0.336063
  type: 'test'
  ...
# Subtest: entrega en puerta exige la dirección escrita
ok 11 - entrega en puerta exige la dirección escrita
  ---
  duration_ms: 0.248498
  type: 'test'
  ...
# Subtest: entrega en puerta con todo completo pasa
ok 12 - entrega en puerta con todo completo pasa
  ---
  duration_ms: 0.59965
  type: 'test'
  ...
# Subtest: las etiquetas describen el modo para el resumen, el panel y los correos
ok 13 - las etiquetas describen el modo para el resumen, el panel y los correos
  ---
  duration_ms: 0.671065
  type: 'test'
  ...
# (node:6013) [MODULE_TYPELESS_PACKAGE_JSON] Warning: Module type of file:///home/runner/work/tintin-web/tintin-web/js/orders/politica-checkout.js is not specified and it doesn't parse as CommonJS.
# Reparsing as ES module because module syntax was detected. This incurs a performance overhead.
# To eliminate this warning, add "type": "module" to /home/runner/work/tintin-web/tintin-web/package.json.
# (Use `node --trace-warnings ...` to show where the warning was created)
# Subtest: buildDraft produce exactamente un payload aceptado por phase4CreateOrder_
ok 14 - buildDraft produce exactamente un payload aceptado por phase4CreateOrder_
  ---
  duration_ms: 3.197747
  type: 'test'
  ...
# Subtest: delivery suma tarifa y conserva ubicación
ok 15 - delivery suma tarifa y conserva ubicación
  ---
  duration_ms: 0.182965
  type: 'test'
  ...
# Subtest: encomienda agencia cuesta cero y no envía ubicación
ok 16 - encomienda agencia cuesta cero y no envía ubicación
  ---
  duration_ms: 0.176352
  type: 'test'
  ...
# Subtest: encomienda puerta conserva modo, dirección y ubicación sin sumar flete
ok 17 - encomienda puerta conserva modo, dirección y ubicación sin sumar flete
  ---
  duration_ms: 0.176623
  type: 'test'
  ...
# Subtest: retiro cuesta cero y no incluye ubicación privada
ok 18 - retiro cuesta cero y no incluye ubicación privada
  ---
  duration_ms: 0.249671
  type: 'test'
  ...
# Subtest: servidor recalcula delivery, encomienda y retiro desde configuración vigente
ok 19 - servidor recalcula delivery, encomienda y retiro desde configuración vigente
  ---
  duration_ms: 1.162131
  type: 'test'
  ...
# Subtest: cliente y servidor normalizan productId repetido con cantidad agregada
ok 20 - cliente y servidor normalizan productId repetido con cantidad agregada
  ---
  duration_ms: 0.974577
  type: 'test'
  ...
# Subtest: servidor rechaza variante inexistente y exige variante cuando corresponde
ok 21 - servidor rechaza variante inexistente y exige variante cuando corresponde
  ---
  duration_ms: 0.950241
  type: 'test'
  ...
# Subtest: PayPal queda rechazado en Apps Script hasta habilitarlo expresamente
ok 22 - PayPal queda rechazado en Apps Script hasta habilitarlo expresamente
  ---
  duration_ms: 2.595612
  type: 'test'
  ...
# Subtest: pedido manipulado con productId repetido descuenta stock agregado una sola vez
ok 23 - pedido manipulado con productId repetido descuenta stock agregado una sola vez
  ---
  duration_ms: 2.559314
  type: 'test'
  ...
# (node:6027) [MODULE_TYPELESS_PACKAGE_JSON] Warning: Module type of file:///home/runner/work/tintin-web/tintin-web/js/pages/checkout/checkout-ubicacion-guardada.js is not specified and it doesn't parse as CommonJS.
# Reparsing as ES module because module syntax was detected. This incurs a performance overhead.
# To eliminate this warning, add "type": "module" to /home/runner/work/tintin-web/tintin-web/package.json.
# (Use `node --trace-warnings ...` to show where the warning was created)
# Subtest: una ubicación guardada completa se puede confirmar
ok 24 - una ubicación guardada completa se puede confirmar
  ---
  duration_ms: 0.871272
  type: 'test'
  ...
# Subtest: sin coordenadas no hay nada que confirmar
ok 25 - sin coordenadas no hay nada que confirmar
  ---
  duration_ms: 0.243349
  type: 'test'
  ...
# Subtest: sin nombre tampoco: confirmar dos números no significa nada
ok 26 - sin nombre tampoco: confirmar dos números no significa nada
  ---
  duration_ms: 0.147558
  type: 'test'
  ...
# Subtest: no se rompe con nada
ok 27 - no se rompe con nada
  ---
  duration_ms: 0.198123
  type: 'test'
  ...
# Subtest: la tarjeta muestra el nombre y la dirección
ok 28 - la tarjeta muestra el nombre y la dirección
  ---
  duration_ms: 0.333698
  type: 'test'
  ...
# Subtest: si la dirección repite el nombre no se muestra dos veces
ok 29 - si la dirección repite el nombre no se muestra dos veces
  ---
  duration_ms: 0.146466
  type: 'test'
  ...
# Subtest: una ubicación sin dirección igual se puede confirmar por su nombre
ok 30 - una ubicación sin dirección igual se puede confirmar por su nombre
  ---
  duration_ms: 0.251714
  type: 'test'
  ...
1..30
# tests 30
# suites 0
# pass 30
# fail 0
# cancelled 0
# skipped 0
# todo 0
# duration_ms 147.511785

> test:paypal
> node --test tests/payments/*.test.mjs

TAP version 13
# (node:6052) [MODULE_TYPELESS_PACKAGE_JSON] Warning: Module type of file:///home/runner/work/tintin-web/tintin-web/cloudflare/paypal-seguro.js is not specified and it doesn't parse as CommonJS.
# Reparsing as ES module because module syntax was detected. This incurs a performance overhead.
# To eliminate this warning, add "type": "module" to /home/runner/work/tintin-web/tintin-web/package.json.
# (Use `node --trace-warnings ...` to show where the warning was created)
# Subtest: PayPal queda cerrado por defecto y no expone secretos
ok 1 - PayPal queda cerrado por defecto y no expone secretos
  ---
  duration_ms: 1.633508
  type: 'test'
  ...
# Subtest: solo habilita con credenciales, USD y tasa reciente
ok 2 - solo habilita con credenciales, USD y tasa reciente
  ---
  duration_ms: 0.410544
  type: 'test'
  ...
# Subtest: convierte guaraníes a centavos de USD con redondeo único
ok 3 - convierte guaraníes a centavos de USD con redondeo único
  ---
  duration_ms: 0.925595
  type: 'test'
  ...
1..3
# tests 3
# suites 0
# pass 3
# fail 0
# cancelled 0
# skipped 0
# todo 0
# duration_ms 61.209371

> audit:checkout-delivery
> node scripts/auditar-checkout-entrega.js

OK — Retiro protege la dirección y solicita la ubicación después del pedido
OK — Retiro no suma envío en cliente ni servidor
OK — Delivery conserva su tarifa dentro del total
OK — Encomienda se cobra al recibir y no entra al total web
OK — Agencia no exige dirección; puerta exige dirección y mapa
OK — El endpoint acepta y conserva el modo validado de encomienda

Checkout de entrega correcto (6 comprobaciones).

> audit:emails
> node scripts/auditar-correo-fase-3.js

OK — El checkout envía la notificación de pedido por Resend (canal único)
OK — El correo original exige sesión real
OK — El puente se activa después del pedido Spark sin escribir el estado protegido
OK — El pedido se localiza sin índice compuesto
OK — Los reintentos del navegador no duplican el intento
OK — Los interruptores públicos no exponen configuración privada
OK — Super Admin inicia la sincronización de correos
OK — Apps Script vuelve a leer el pedido real
OK — Apps Script comprueba identidad y propiedad
OK — El reenvío exige rol y permiso
OK — La fase 3 sigue siendo compatible con Spark

Auditoría de correos de la Fase 3 completada correctamente.

> audit:collections
> node scripts/auditar-colecciones-fase-4.js

OK  Firestore sigue siendo la fuente de verdad
OK  El menú conserva una alternativa mientras carga
OK  El menú falla de forma explícita sin destruir el fallback
OK  Los enlaces codifican el slug
OK  Los nombres se insertan como texto
OK  El módulo legado apunta a la fuente modular
OK  Portada, colecciones, catálogo y footer están sincronizados
OK  Los renderers legados no pueden restaurar categorías viejas
OK  El slug queda inmutable al editar
OK  El importador fijo de 12 colecciones queda deshabilitado
OK  El CSV usa colecciones reales
OK  Las imágenes de colección se validan
OK  La fase 4 se inicia globalmente
OK  La página de colecciones no duplica el listener de Firestore
OK  Los destacados de colecciones tienen un límite de rendimiento
OK  Colecciones usa el carrito compartido y valida stock
OK  La experiencia responsive conserva navegación y carga accesibles
OK  Los filtros del catálogo se adaptan a la altura de cada pantalla
OK  El comando de auditoría está publicado

Auditoría Fase 4: todo correcto.

> audit:images
> node scripts/auditar-imagenes-fase-5.js

OK  Las URLs se validan en una utilidad compartida
OK  Toda URL de Cloudinary recibe entrega automática f_auto,q_auto
OK  El sitio preconecta con Cloudinary en todas las páginas
OK  Hero, Editorial y Nosotros admiten subidas de hasta 4K con mayor calidad
OK  settings/images contiene solamente espacios globales reales
OK  Los parches de imagen aceptan solo claves conocidas
OK  La caché local siempre queda saneada
OK  Los guardados incluyen actualización y sincronización
OK  Hero usa imágenes independientes para desktop, tablet y móvil
OK  El Hero es Cloudinary exclusivo: sin respaldo estático empaquetado
OK  El Hero se revela recién cuando la imagen real terminó de cargar, no solo cuando Firestore confirma la URL
OK  La red de seguridad del Hero espera a la imagen en camino antes de revelar a ciegas
OK  index.html no referencia ningún banner estático empaquetado para el Hero
OK  Quitar una personalización restaura imágenes responsive
OK  Cada slot admite imagen independiente por dispositivo
OK  La cascada de dispositivo está centralizada
OK  Logo, editoriales y Nosotros se actualizan globalmente
OK  Ya no existe el campo de URL manual
OK  El archivo se valida por su contenido real
OK  El navegador conserva procesamiento, WebP y vista previa
OK  La biblioteca usa Cloudinary mediante Cloudflare Pages Functions
OK  Borrar una imagen usa la función protegida de Cloudinary
OK  Reemplazar o quitar limpia solo imágenes sin uso
OK  Borrar revisa settings, productos y colecciones
OK  El API Secret existe únicamente en el runtime de Cloudflare
OK  Cloudflare valida el ID token con Firebase Auth en el servidor
OK  Las firmas usan Web Crypto y limitan los public IDs
OK  El public ID no crea carpetas en Cloudinary (evita el bloqueo de Dynamic Folder Mode)
OK  El borrado solo admite public IDs de Tintin
OK  Las Pages Functions exportan handlers compatibles
OK  La función geográfica no devuelve IP ni coordenadas
OK  Las rutas de Functions están limitadas a tres endpoints
OK  No quedan Netlify Functions activas
OK  Firebase Storage no se inicializa ni se importa
OK  El despliegue de Firebase queda en el plan Spark
OK  El panel conserva la misma navegación y biblioteca
OK  Las imágenes de productos se sanean al leer Firestore
OK  La Fase 5 se inicia en todas las páginas y en el panel
OK  La documentación define una sola fuente por tipo
OK  Existe una guía completa de configuración online
OK  El comando de auditoría está publicado
OK  Confirmar y subir existe en todo widget, deshabilitado sin archivo y sin devoluciones silenciosas
OK  El clic en confirmar siempre deja evidencia y usa el flujo real de subida
OK  Los errores al guardar una imagen en un slot nunca se pierden en un toast que desaparece solo
OK  El renderizado del hero y del resto de slots públicos deja evidencia de qué datos llegaron y si se aplicaron
OK  Las operaciones de red del flujo de subida tienen timeout con mensaje claro
OK  La lista de orígenes confiables incluye el dominio real de producción
OK  Los errores de subida identifican si el rechazo vino de Cloudflare o de Cloudinary
OK  Los archivos del flujo de subida se importan con versión de caché, no sin ella
OK  admin.html (Productos/Colecciones) importa el mismo widget con versión de caché
OK  La herramienta de versionado también cubre imports estáticos, no solo <script src>/<link href>

Auditoría Fase 5: todo correcto.

> audit:content
> node scripts/auditar-contenido-fase-6.js

OK — El esquema cubre las ocho páginas administrables
OK — Firestore guarda valores y no selectores arbitrarios
OK — El contenido público nunca inserta HTML de Firestore
OK — Los saltos de línea se crean con nodos seguros
OK — Los enlaces se validan antes de mostrarse
OK — Los campos ausentes conservan el HTML publicado
OK — Contenido está integrado en Apariencia sin crear un módulo superior duplicado
OK — El editor respeta permisos dinámicos
OK — Guardar registra revisión y autor
OK — Restaurar contenido original está implementado
OK — Los cambios sin guardar usan el guard global sin listener duplicado
OK — Una actualización remota no pisa un formulario abierto
OK — Los lápices detectan secciones agregadas después de cargar
OK — La Fase 6 se inicia en el panel global
OK — Las reglas ya protegen site_content
OK — El comando de auditoría está disponible

Auditoría Fase 6: todo correcto.

> audit:cart
> node scripts/auditar-carrito-fase-7.js

OK — El carrito usa un singleton para evitar listeners duplicados
OK — La identidad del carrito separa invitada y cuenta
OK — Las variantes crean líneas diferentes
OK — El carrito escucha cambios remotos en tiempo real
OK — Las escrituras remotas están serializadas y agrupadas
OK — Una edición local pendiente no es pisada por otro snapshot
OK — El carrito de invitada se combina al iniciar sesión
OK — La migración anterior conserva cantidades sin duplicarlas
OK — El código clásico solo redirige localStorage y no sessionStorage
OK — Leer el carrito clásico no vuelve a escribir datos idénticos
OK — El puente de Storage ignora escrituras idénticas y borrados vacíos
OK — Los botones viejos se corrigen por línea y variante
OK — El checkout limpia también el carrito remoto
OK — Precio y stock siguen validados por el checkout seguro
OK — El carrito se carga en todas las páginas públicas
OK — Firestore mantiene el carrito privado por UID
OK — Existe un comando de auditoría dedicado

Auditoría Fase 7: todo correcto.

> audit:security
> node scripts/auditar-seguridad-fase-8.js

OK — El Super Admin se reconoce por el correo oficial
OK — No se puede asignar superadmin desde el panel
OK — Usuarios y auditoría se renderizan sin HTML de datos
OK — Cambiar usuario y crear auditoría ocurren juntos
OK — Bloquear elimina el poder operativo
OK — La restauración masiva vuelve a Cliente
OK — La eliminación borra identidad y datos asociados desde el servidor
OK — Los usuarios se actualizan en tiempo real
OK — La Fase 8 se inicia solo en admin
OK — Las reglas protegen usuarios y carrito por UID
OK — La auditoría es de solo lectura para Super Admin
OK — Existe el comando de auditoría dedicado

Auditoría Fase 8: todo correcto.

> test:phase9-import
> node --test tests/import/phase9-import-normalization.test.mjs

TAP version 13
# Subtest: parsea números localizados sin confundir miles y decimales
ok 1 - parsea números localizados sin confundir miles y decimales
  ---
  duration_ms: 1.402162
  type: 'test'
  ...
# Subtest: preserva stock ilimitado y rechaza valores inválidos
ok 2 - preserva stock ilimitado y rechaza valores inválidos
  ---
  duration_ms: 0.471067
  type: 'test'
  ...
# Subtest: detecta coma, punto y coma o tabulador sin mirar delimitadores citados
ok 3 - detecta coma, punto y coma o tabulador sin mirar delimitadores citados
  ---
  duration_ms: 1.071099
  type: 'test'
  ...
# Subtest: parsea comillas escapadas y saltos de línea dentro de una celda
ok 4 - parsea comillas escapadas y saltos de línea dentro de una celda
  ---
  duration_ms: 0.961803
  type: 'test'
  ...
# Subtest: valida proyecto, formato y versión de copias operativas
ok 5 - valida proyecto, formato y versión de copias operativas
  ---
  duration_ms: 0.676124
  type: 'test'
  ...
1..5
# tests 5
# suites 0
# pass 5
# fail 0
# cancelled 0
# skipped 0
# todo 0
# duration_ms 64.806981

> audit:release
> node scripts/auditar-final-entrega.js

OK — El proyecto Firebase final es tintin-accesorios
OK — El despliegue Spark publica únicamente reglas
OK — Firebase conserva la ruta correcta de reglas
OK — Firebase no intenta desplegar Functions por accidente
OK — La importación vieja queda oculta
OK — El CSV detecta coma, punto y coma o tabulador y conserva campos citados
OK — Los precios localizados se normalizan sin confundir miles y decimales
OK — El stock vacío queda ilimitado y los valores inválidos se rechazan
OK — Las copias operativas validan formato, proyecto y versión antes de importar
OK — Una falla secundaria de Sheets no invalida productos ya confirmados en Firestore
OK — Los archivos tienen límites de seguridad
OK — Las colecciones reales validan cada producto
OK — La importación no sobrescribe ni repite productos
OK — Cada lote importado queda auditado
OK — La copia operativa excluye datos de clientas
OK — La Fase 9 arranca en el panel
OK — Las reglas siguen protegiendo productos e importaciones
OK — Las auditorías de todas las fases están presentes
OK — Existe un comando final único

Auditoría final: las nueve fases están integradas correctamente.

> audit:integral
> node scripts/auditar-integral-plataforma.js

OK  La portada no abre listeners duplicados de colecciones o imágenes
OK  La portada usa alturas guiadas por contenido
OK  El carrito serializa cambios y bloquea carreras entre pestañas
OK  El carrito distingue producto y variante
OK  El carrito respeta stock compartido y muestra aviso accesible
OK  Firestore rechaza líneas del carrito superiores al stock
OK  La compra final conserva validación transaccional
OK  Product.html mantiene tres relacionados de colecciones únicas
OK  Los bloques secundarios nunca superan cinco productos
OK  Super Admin detecta cambios reales y cierre del navegador
OK  El modal permite guardar, descartar o seguir editando
OK  Los principales módulos editables están registrados
OK  Las imágenes se guardan al instante, sin dejar un borrador sin confirmar que proteger

Auditoría integral: todo correcto.

> audit:diagnostics
> node scripts/auditar-diagnostico.js

OK — El motor de orquestación no importa ni ejecuta escrituras él mismo (las páginas inspeccionadas sí ejecutan scripts, pero solo a través de los shims que bloquean escritura)
OK — Las páginas se inspeccionan ejecutando scripts reales, pero el SDK de Firebase queda redirigido a shims de solo lectura
OK — El shim de Firestore reexporta el SDK real y bloquea únicamente sus funciones de escritura
OK — El shim de Auth reexporta el SDK real y bloquea únicamente sus funciones que cambian sesión, credenciales o disparan correos/popups reales
OK — El shim histórico de Storage es completamente inerte y no importa el SDK eliminado
OK — Existe una guardia de red independiente que bloquea llamadas de escritura de Firestore por la forma de la URL, sin depender de una lista de hosts
OK — El historial aislado usa IndexedDB local y no permite resolución manual
OK — Los ocho tipos de ejecución están disponibles
OK — La interfaz ofrece gravedad completa, cobertura, filtros, búsqueda e historial
OK — Los estados no revisado, no disponible y no reverificado son explícitos
OK — Cada hallazgo incluye evidencia, reproducción, esperado, real y ubicación
OK — La comparación histórica depende de volver a ejecutar la prueba real
OK — Los falsos positivos visuales requieren dos mediciones iguales
OK — La inspección responsive incluye siete resoluciones obligatorias
OK — El diagnóstico de datos usa consultas limitadas y anonimiza IDs
OK — El diagnóstico respeta las colecciones limitadas al documento de la cuenta
OK — Los informes no guardan la identidad personal del Super Admin
OK — El módulo declara claramente el modo de solo lectura
OK — Existe un comando dedicado y forma parte de la auditoría final
OK — El manifiesto es reproducible
OK — El inventario incluye todas las páginas HTML visibles y ocultas del repositorio
OK — El inventario no se incluye a sí mismo en su huella
OK — El inventario registra páginas, módulos, archivos, componentes, roles y resoluciones
OK — El inventario excluye capturas y reportes temporales de las pruebas

Auditoría de Diagnóstico: módulo de solo lectura correctamente integrado.

> audit:diagnostic-findings
> node scripts/auditar-diagnostico-hallazgos.js

OK — El inventario contiene las 18 rutas requeridas
OK — El inventario contiene las siete resoluciones requeridas
OK — El inventario contiene los seis roles requeridos
OK — Las 18 huellas HTML coinciden con los archivos actuales
OK — Las huellas de texto son independientes de CRLF o LF
OK — No quedan lecturas directas sin límite detectadas
OK — admin.html pesa menos de 200 KB
OK — La aplicación administrativa fue extraída a un módulo cargado de forma diferida
OK — El panel administrativo conserva exactamente un H1
OK — Las escuchas en tiempo real de pedidos, usuarios y plantillas están limitadas
OK — El listado de esquemas de apariencia también está limitado
OK — Las lecturas públicas y escuchas administrativas restantes también están limitadas
OK — Los esquemas públicos se leen por ID y solo Super Admin puede listarlos o administrarlos
OK — El diagnóstico evalúa el recorte horizontal y vertical por separado
OK — El diagnóstico excluye contenido oculto destinado a lectores de pantalla
OK — Los enlaces de texto en línea y las etiquetas de checkbox se miden correctamente
OK — siteTraffic se consulta en la subcolección diaria correcta
OK — checkoutGuards se comprueba por cuenta propia y nunca mediante listado global
OK — Las reglas mantienen siteTraffic privado para Super Admin
OK — nosotros.html es un alias no indexable con canonical absoluto limpio
OK — nosotros.html no aparece en sitemap.xml
OK — El manifiesto marca el alias nosotros como oculto y redirigido
OK — El botón de checkout supera 4.5:1 contra texto blanco
OK — Los controles táctiles independientes corregidos conservan su tamaño mínimo
OK — Las exportaciones y tareas globales usan paginación acotada

Auditoría de hallazgos: todas las correcciones verificables quedaron protegidas.

> audit:postphase
> node scripts/auditar-posterior-fases-seguridad.js

OK — Productos se normalizan como texto plano
OK — Carrito local se limpia antes de renderizar
OK — Descripción de producto no ejecuta HTML
OK — Super Admin depende de Firebase Auth
OK — Email del perfil es campo protegido
OK — Creación de usuario obliga estadísticas en cero
OK — Cliente no puede escribir notificationStatus
OK — Secreto público eliminado
OK — Apps Script escribe estado autorizado
OK — Checkout ya no actualiza estado desde cliente

Auditoría post-fases completada correctamente.

> audit:reliability
> node scripts/auditar-sitio-confiabilidad.js

OK — El menú de cuenta arranca también en el runtime público
OK — La capa visual oculta el panel según el contenedor y permite abrirlo
OK — El click de cuenta no se duplica con el manejador antiguo
OK — Los dropdowns del header son blancos en desktop, tablet y mobile
OK — Las superficies sólidas del header se cargan antes del loader en cada página
OK — La actividad cuenta una sola sesión por pestaña y día
OK — La presencia usa latidos espaciados y solo mientras la página es visible
OK — Cookies y estadísticas comparten una sola elección revocable
OK — La tarjeta de privacidad no bloquea ni cubre toda la página
OK — La actividad propia y Google Analytics esperan el permiso opcional
OK — La ubicación aproximada se obtiene sin guardar IP ni coordenadas
OK — GitHub Pages usa el servicio geográfico de Cloudflare
OK — Los previews de Cloudflare no escriben estadísticas
OK — Las reglas limitan la escritura de sesiones y presencia
OK — Solamente Super Admin puede leer las métricas
OK — El dashboard muestra sesiones de hoy y personas en línea
OK — El dashboard recibe sesiones y presencia en tiempo real
OK — El centro estadístico general está reservado a Super Admin
OK — Pedidos, usuarios, auditoría y correos se actualizan sin F5
OK — Las estadísticas combinan pedidos, usuarios, catálogo, visitas y páginas
OK — La primera sesión de una clienta llega a inicio con bienvenida pendiente
OK — Bienvenida pública y Super Admin usan una sola configuración
OK — Super Admin puede probar y reactivar la bienvenida en lotes seguros
OK — Las reglas aceptan solo geografía aproximada y campos conocidos
OK — El rosa principal cumple contraste AA sobre blanco
OK — Los renderers principales escapan texto almacenado
OK — El reveal es irreversible, liviano y procesa solo nodos agregados
OK — Las imágenes dinámicas reciben carga diferida y prioridad automática
OK — Todas las páginas declaran el tipo de sus botones estáticos
OK — Todos los controles de la barra móvil tienen nombre accesible
OK — La portada usa la forma correcta TU ESTILO incluso con contenido histórico
OK — El loader de la portada espera a que la foto del hero cargue antes de ocultarse
OK — El loader pasa de un punto a otro sin un cross-fade visible
OK — La colección Bolsos conserva su portada real después de sincronizar
OK — Buscador, carrito, menú y colecciones comunican apertura y cierre
OK — Las recargas asíncronas conservan agotados visibles y bloquean su compra
OK — El repositorio no contiene marcas explícitas de autoría externa
OK — Los recursos críticos usan la versión vigente de caché
OK — El runtime público liviano carga imágenes, colecciones, carrito, colores y el fix de auditoría de página (no solo admin-images)

Auditoría de confiabilidad completada correctamente.

> audit:admin-sync
> node scripts/auditar-admin-publico-sincronizar.js

OK — Configuración general se guarda en settings/general
OK — Estado de tienda se guarda atómicamente en general y storeGate
OK — headerDesktopTabletEnabled coincide entre Admin y público
OK — headerMobileEnabled coincide entre Admin y público
OK — Header se actualiza en vivo con defaults seguros
OK — Desktop/tablet y mobile usan rangos separados
OK — page-loader monta el header en todos los arranques
OK — El público consume whatsappNumber
OK — El Admin guarda whatsappNumber
OK — El público consume contactEmail
OK — El Admin guarda contactEmail
OK — El público consume instagram
OK — El Admin guarda instagram
OK — El público consume storeAddress
OK — El Admin guarda storeAddress
OK — Configuración pública usa un listener compartido
OK — Páginas con configuración propia evitan el listener global duplicado
OK — Marcas de contacto reales siguen presentes
OK — La marca tt-contact-email existe en páginas públicas
OK — La marca tt-contact-addr existe en páginas públicas
OK — El shell evita headers duplicados
OK — Checkout mantiene configuración de envío en vivo
OK — Checkout aplica paymentMethods
OK — Checkout aplica bankAccounts
OK — Checkout aplica deliveryCities
OK — Checkout aplica encomiendaCities
OK — Selector de moneda no muestra una opción sin implementar

Sincronización Admin ↔ público verificada (27 comprobaciones).

> audit:admin-foundation
> node scripts/auditar-admin-fundamentos.js

Inventario de secciones (fuente: admin.html):
  Sidebar (16): dashboard, estadisticas, usuarios, pedidos, productos, resenas, me-gusta, colecciones, importar, mensajes, auditoria, diagnostico, correos, configuracion, permisos, apariencia
  Tabs móvil (16): dashboard, estadisticas, usuarios, pedidos, productos, resenas, me-gusta, colecciones, importar, mensajes, auditoria, diagnostico, correos, configuracion, permisos, apariencia
  Paneles section-* (16): dashboard, estadisticas, usuarios, pedidos, productos, colecciones, mensajes, auditoria, diagnostico, correos, configuracion, permisos, apariencia, importar, resenas, me-gusta

OK — El guard usa onAuthStateChanged como puerta de entrada
OK — Sin sesión se redirige a /login
OK — Un rol de cliente/sin rol se saca del panel a /perfil
OK — Las cuentas bloqueadas se expulsan con aviso
OK — El Super Admin nunca queda bloqueado ni pierde acceso
OK — Un error inesperado en el init termina en el destino seguro (login)
OK — La tienda cerrada tapa el panel sin cerrar la sesión del Super Admin
OK — El chrome del panel arranca oculto por CSS hasta resolver el auth
OK — El panel se revela solo con html.adm-auth-ready
OK — adm-auth-ready se agrega únicamente al final del camino exitoso
OK — Se detectaron secciones reales en el sidebar
OK — Todo botón del sidebar tiene su panel section-* correspondiente
OK — Todo panel section-* tiene su botón en el sidebar
OK — El sidebar de escritorio y las tabs móviles ofrecen las mismas secciones
OK — No hay ids duplicados en admin.html
OK — switchSection limpia la navegación con una consulta en vivo
OK — switchSection oculta las secciones con una consulta en vivo
OK — La sección dinámica de bienvenida se agrega junto a su botón y tab
OK — switchSection valida el permiso antes de abrir una sección sensible
OK — Roles y Permisos exige el email exacto del Super Admin
OK — Cada data-section sensible declara su permiso en SECTION_PERMISSION
OK — Existe deep-link por URL/hash que pasa por switchSection
OK — El deep-link solo acepta secciones que existen de verdad
OK — switchSection marca aria-current="page" en la sección activa
OK — Los contenedores de navegación tienen aria-label
OK — El Dashboard inicial arranca con aria-current="page"
OK — El modal order-edit-overlay declara role="dialog" y aria-modal
OK — El modal tpl-edit-overlay declara role="dialog" y aria-modal
OK — El modal tpl-preview-overlay declara role="dialog" y aria-modal
OK — El modal promo-confirm-overlay declara role="dialog" y aria-modal
OK — El modal de cambios sin guardar existe y es accesible
OK — El guard de cambios sin guardar cierra con Escape y devuelve el foco
OK — Hay un manejo compartido de accesibilidad para los overlays operativos
OK — El helper de overlays bloquea el scroll de fondo mientras hay uno abierto
OK — El helper de overlays devuelve el foco al cerrar
OK — admin.css define el rango tablet (sidebar compacta)
OK — admin.css define el rango mobile
OK — En mobile la navegación usa la barra inferior y libera el ancho del contenido
OK — El overlay de sidebar y la tabbar móvil tienen estilos definidos

Auditoría de base del Super Admin completada correctamente.

> audit:products-media
> node scripts/auditar-admin-productos-multimedia.js

OK — Guardar producto valida permiso de crear y de editar por separado
OK — Guardar producto valida nombre, categoría y precio obligatorios
OK — Guardar producto previene el doble guardado deshabilitando el botón
OK — Eliminar producto pide confirmación y valida permiso
OK — Crear/editar/eliminar producto se registran en Auditoría
OK — El listado de productos usa un listener en tiempo real con guardia anti-duplicado
OK — El render de productos escapa nombre e imagen (anti-XSS)
OK — El stock vacío se guarda como null (no controlado), distinto de 0 (agotado)
OK — Los cambios del Super Admin avisan inmediatamente al sincronizador de Google Sheets
OK — Guardar colección valida permiso y previene slug duplicado
OK — Renombrar una colección reasigna sus productos por lotes antes de borrar la vieja
OK — Eliminar una colección con productos fuerza reasignación (sin orfandad)
OK — El CRUD de colección individual se registra en Auditoría
OK — Existe la etiqueta de auditoría "crear_coleccion"
OK — La tienda escapa nombre, categoría, badge y variante del producto
OK — La tienda oculta productos inactivos, agotados y sin nombre
OK — El carrito descarta productos borrados, desactivados, agotados o inválidos y refresca sus datos
OK — La importación limita tamaño de archivo y cantidad de filas
OK — La importación y la exportación están reservadas al Super Admin
OK — La importación bloquea URLs que no sean http(s)
OK — El CSV admite la columna Imagen URL de cualquier proveedor
OK — La importación detecta duplicados por huella y por nombre::categoría
OK — La importación valida que la colección exista antes de escribir
OK — La importación confirma, escribe por lotes y registra en Auditoría sin sobrescribir
OK — La importación reporta progreso real por lote
OK — La exportación de productos existe y respeta el permiso de exportar
OK — La subida a Cloudinary se firma del lado servidor (sin secreto en el cliente)
OK — La biblioteca limpia imágenes huérfanas comprobando uso real antes de borrar
OK — Cada operación de red de la biblioteca tiene timeout
OK — Una subida parcial se limpia de Cloudinary si falla antes de guardar
OK — La validación de imagen usa magic bytes, no solo la extensión
OK — El procesamiento redimensiona y re-codifica (WebP con fallback)
OK — El render sanitiza la URL de imagen y rechaza esquemas peligrosos
OK — Contenido unificado no abre una segunda conexión ImgBB ni expone claves compartidas
OK — No hay tokens/keys de Cloudinary embebidos en el cliente
OK — products-store normaliza campos antiguos (priceBefore, oferta, badge)

Auditoría de productos/colecciones/imágenes completada correctamente (36 comprobaciones).

> audit:admin-orders
> node scripts/auditar-admin-pedidos.js

OK — Editar el pedido completo exige permiso manageOrdersFull + editarCompleto
OK — La edición valida nombre y teléfono del cliente
OK — La edición rechaza cantidades menores a 1
OK — La edición rechaza totales negativos
OK — La cantidad por ítem se clampa a un mínimo de 1
OK — El pedido no puede quedar sin productos
OK — El recálculo preserva el precio histórico de cada ítem
OK — La edición previene el doble guardado deshabilitando el botón
OK — La edición registra el cambio en Auditoría
OK — Al abrir el editor se guarda la marca de tiempo base del pedido
OK — Guardar comprueba que nadie más haya escrito el pedido (fail-open)
OK — El editor también avisa si el pedido fue eliminado mientras se editaba
OK — Cambiar estado de pedido: permiso + auditoría + recuperación
OK — Cambiar estado de pago: permiso + auditoría + recuperación
OK — Eliminar pedido: permiso + confirmación + papelera auditable
OK — Mover a Borrados libera inventario antes de retirar el pedido activo
OK — La eliminación individual expone el resultado recuperable
OK — La eliminación masiva conserva fallos y usa la misma papelera
OK — Las acciones masivas de pedidos exigen el permiso accionesMasivas
OK — El reenvío de correo tiene cooldown anti-spam y permiso
OK — El pedido se crea autocontenido con ítems, precios, subtotal y total
OK — La regla acepta el departamento que siempre envía Checkout
OK — El perfil del cliente lee los datos guardados del pedido (no el producto en vivo)
OK — Las estadísticas nunca suman totales negativos
OK — Las reglas exigen cantidad entera entre 1 y 99
OK — Las reglas exigen precio no negativo
OK — Las reglas derivan subtotal y total de las líneas validadas
OK — Las reglas acotan la cantidad de ítems distintos (1..4)

Auditoría de pedidos completada correctamente (28 comprobaciones).

> audit:users-roles
> node scripts/auditar-admin-usuarios-roles.js

OK — El Super Admin se identifica por el correo oficial de Firebase Auth
OK — Un rol inválido o un documento faltante caen a "client" (default seguro)
OK — setUserRole nunca permite asignar "superadmin"
OK — El Super Admin tiene todos los permisos del techo fijo
OK — Solo admin/agent/viewer son columnas editables (no superadmin ni client)
OK — Los defaults de la matriz derivan del techo fijo (nunca amplían)
OK — Si falta el documento o falla la lectura, se usan los defaults (fail-safe)
OK — canDo, sin caché, cae al techo fijo de roles.js (nunca abre de más)
OK — canDo niega acciones no implementadas o de roles no editables
OK — Guardar la matriz reemplaza el documento completo (merge:false)
OK — Una matriz defectuosa NUNCA bloquea al Super Admin real
OK — Bloquear valida (con guarda dura) que no sea el Super Admin
OK — Eliminar usuario protege la ficha del Super Admin y valida el permiso
OK — Cambiar rol bloquea al Super Admin, valida permiso y limita a roles reales
OK — Las acciones masivas de usuarios excluyen al Super Admin (guarda dura)
OK — Bloquear degrada el rol a client y guarda el rol previo para restaurar
OK — Cada acción de usuario queda registrada en Auditoría
OK — La tabla de usuarios escapa nombre, email y avatar (anti-XSS)
OK — El módulo Fase 8 protege al Super Admin en bloquear/eliminar/masivas
OK — El módulo Fase 8 solo maneja roles reales (sin superadmin)
OK — Las reglas impiden eliminar la ficha del Super Admin
OK — Las reglas impiden asignar superadmin y protegen la cuenta oficial
OK — Solo el Super Admin puede escribir la matriz de permisos
OK — La ficha de un usuario solo la lee su dueño o el Super Admin
OK — El registro de auditoría es de solo lectura para el Super Admin
OK — Los permisos dinámicos se cargan ANTES de armar la UI del panel
OK — El acceso al panel se decide por rol real (client/sin rol fuera)

Auditoría de usuarios/roles/permisos completada correctamente (27 comprobaciones).

> audit:content-appearance
> node scripts/auditar-admin-contenido-apariencia.js

OK — El contenido editable es un conjunto FIJO de páginas (sin agregar/borrar)
OK — Los campos de contenido tienen un tope de longitud
OK — El sitio público aplica el contenido por selector real (cambio real)
OK — El contenido público se pinta con nodos de texto, nunca con HTML de Firestore
OK — Los enlaces editables se sanean antes de asignar el href
OK — El editor de contenido escribe en la colección protegida site_content
OK — El apply global solo aplica valores que sean un color estricto (HEX/rgb/hsl)
OK — El validador de color rechaza url(), CSS arbitrario y valores largos
OK — La primera pintura (caché) también valida el color antes de aplicarlo
OK — Los colores se aplican como custom properties (valor puro), no como CSS libre
OK — La importación de esquemas valida cada color y descarta los inválidos
OK — Cada token del catálogo tiene una variable CSS real (consumidor)
OK — La vista previa es inmediata y no muta el borrador guardado
OK — Apariencia tiene guardia de cambios sin guardar
OK — La apariencia soporta overrides por dispositivo (breakpoints)
OK — El esquema global se sincroniza en tiempo real (onSnapshot)
OK — Ante un error de lectura del esquema se conserva lo último aplicado
OK — Guardar apariencia escribe en la colección de esquemas
OK — Solo el Super Admin escribe settings/appearance
OK — Solo el Super Admin crea/edita/borra esquemas de color
OK — El contenido del sitio está acotado por rol/permiso (no libre)

Auditoría de contenido/apariencia completada correctamente (21 comprobaciones).

> audit:appearance-unified
> node scripts/auditar-admin-apariencia-unificada.js

OK — No existe módulo superior Contenido duplicado
OK — Apariencia sigue presente en desktop y mobile
OK — El editor seguro vive dentro de Apariencia
OK — No queda el editor legado de Contenido en admin-app
OK — No queda llamada al deep-link legado eliminado
OK — Los enlaces viejos Contenido se redirigen a Apariencia
OK — Permisos de contenido permiten entrar sin abrir colores sensibles
OK — Contenido conserva una sola suscripción por página
OK — Super Admin no monta el editor directo ni abre una segunda suscripción
OK — Contenido conserva site_content como única fuente
OK — Firebase sigue centralizado
OK — Contenido usa el guard global de cambios pendientes
OK — No existe un beforeunload duplicado dentro de Contenido
OK — Apariencia mantiene la vista previa arriba y los dos editores abajo
OK — Los tres paneles de Apariencia son redimensionables, accesibles y persistentes

Apariencia unificada: 15 comprobaciones correctas.

> audit:email-messaging
> node scripts/auditar-admin-correo-mensajeria.js

OK — Checkout usa un solo canal Resend
OK — El canal Resend llama al endpoint de Cloudflare con Bearer token
OK — El fallback de host para /api NO se reinventa por archivo (bug ya visto)
OK — El puente del checkout, si se carga, usa el MISMO canal Resend
OK — No hay claves de Resend en frontend
OK — La clave se lee solo del entorno servidor
OK — El servidor vuelve a leer el pedido real
OK — Reenvío reservado al Super Admin
OK — Propiedad del pedido validada
OK — Acciones del endpoint están en lista blanca
OK — Remitente y reply-to son fijos
OK — La prueba se envía por Resend vía /api/test-email
OK — El interceptor de prueba anula el envío viejo (Apps Script) del panel
OK — El correo de prueba tiene cooldown anti-doble-clic (120s)
OK — Endpoint de prueba exige Super Admin
OK — Promociones no migradas siguen desactivadas
OK — Los envíos se registran con resultado real
OK — emailLogs es inmutable y privado
OK — WhatsApp usa una sola configuración pública compartida
OK — Número de WhatsApp se normaliza
OK — Mensajes de WhatsApp se codifican
OK — Redes sociales se validan antes de insertarse

Auditoría de correos y mensajes completada correctamente (22 comprobaciones).

> audit:analytics-audit
> node scripts/auditar-admin-analitica-auditar.js

OK — Hay una bandera de disponibilidad por cada fuente (pedidos/usuarios/productos/tráfico/presencia)
OK — Visitantes y sesiones muestran "—" (no "0") si el tráfico no está disponible
OK — La conversión exige pedidos Y tráfico disponibles y un denominador real
OK — El indicador "En línea" muestra "—" (no "0") si la presencia no está disponible
OK — Productos activos y stock bajo muestran "—" (no "0") si productos no está disponible
OK — Usuarios bloqueados muestra "—" (no "0") si usuarios no está disponible
OK — No quedó ningún indicador de estadísticas mostrando el conteo crudo sin bandera
OK — El tráfico marca su disponibilidad al cargar y la retira al fallar
OK — La presencia y los productos marcan disponibilidad y re-renderizan al fallar
OK — Las estadísticas agrupan por día en la zona horaria de Paraguay
OK — La analítica del sitio también usa la zona horaria de Paraguay
OK — Los pedidos cancelados/rechazados quedan fuera de la facturación
OK — El ticket promedio divide entre pedidos válidos con guardia de cero
OK — El gasto por usuaria excluye cancelados y nunca es negativo
OK — La analítica solo maneja geo aproximada (ciudad/región/país), nunca IP ni GPS
OK — El servicio de geo nunca devuelve IP, coordenadas ni código postal
OK — Las reglas fijan los campos permitidos de presencia (sin IP/GPS/postal)
OK — Las reglas fijan los campos permitidos de las sesiones de tráfico
OK — La analítica es consentida y con identificadores que rotan por día
OK — La sesión se registra una sola vez por pestaña y día
OK — El heartbeat de presencia se detiene al ocultar la pestaña o al salir
OK — Las páginas de administración no se rastrean como visitas del sitio
OK — Los listeners del panel se liberan al salir de la página
OK — Cada registro de auditoría guarda actor, acción, objetivo, fecha y si fue masivo
OK — La auditoría es inmutable en las reglas (no se edita ni se borra)
OK — La tabla de auditoría diferencia cargando, error y vacío
OK — Sobre la selección de auditoría solo se puede exportar (nunca modificar)
OK — Solo el Super Admin lee la presencia y el tráfico
OK — El diagnóstico del sitio se inicia solo para el Super Admin real
OK — El historial de tráfico se lee paginado y con tope de seguridad
OK — La recalculación global de estadísticas corta si supera el límite seguro

Auditoría de estadísticas/auditoría/diagnóstico completada correctamente (31 comprobaciones).

> audit:help-pages
> node scripts/auditar-ayuda-paginas.js

OK — [envios.html] idioma, viewport, título y descripción
OK — [envios.html] canonical propio hacia la URL final limpia
OK — [envios.html] Open Graph y Twitter completos con imagen existente
OK — [envios.html] theme-color, favicon y manifest
OK — [envios.html] contenido editable desde el Super Admin (selector + init + esquema)
OK — [envios.html] esquema de color: primera pintura + motor en vivo
OK — [envios.html] scripts compartidos (shell, loader, contacto, analítica)
OK — [envios.html] footer con contacto sincronizable y copyright vigente
OK — [envios.html] el footer enlaza a las páginas hermanas con URLs limpias
OK — [envios.html] sin manejadores de eventos inline (onclick=...)
OK — [envios.html] cualquier enlace local .html residual resuelve
OK — [cambios-devoluciones.html] idioma, viewport, título y descripción
OK — [cambios-devoluciones.html] canonical propio hacia la URL final limpia
OK — [cambios-devoluciones.html] Open Graph y Twitter completos con imagen existente
OK — [cambios-devoluciones.html] theme-color, favicon y manifest
OK — [cambios-devoluciones.html] contenido editable desde el Super Admin (selector + init + esquema)
OK — [cambios-devoluciones.html] esquema de color: primera pintura + motor en vivo
OK — [cambios-devoluciones.html] scripts compartidos (shell, loader, contacto, analítica)
OK — [cambios-devoluciones.html] footer con contacto sincronizable y copyright vigente
OK — [cambios-devoluciones.html] el footer enlaza a las páginas hermanas con URLs limpias
OK — [cambios-devoluciones.html] sin manejadores de eventos inline (onclick=...)
OK — [cambios-devoluciones.html] cualquier enlace local .html residual resuelve
OK — [preguntas-frecuentes.html] idioma, viewport, título y descripción
OK — [preguntas-frecuentes.html] canonical propio hacia la URL final limpia
OK — [preguntas-frecuentes.html] Open Graph y Twitter completos con imagen existente
OK — [preguntas-frecuentes.html] theme-color, favicon y manifest
OK — [preguntas-frecuentes.html] contenido editable desde el Super Admin (selector + init + esquema)
OK — [preguntas-frecuentes.html] esquema de color: primera pintura + motor en vivo
OK — [preguntas-frecuentes.html] scripts compartidos (shell, loader, contacto, analítica)
OK — [preguntas-frecuentes.html] footer con contacto sincronizable y copyright vigente
OK — [preguntas-frecuentes.html] el footer enlaza a las páginas hermanas con URLs limpias
OK — [preguntas-frecuentes.html] sin manejadores de eventos inline (onclick=...)
OK — [preguntas-frecuentes.html] cualquier enlace local .html residual resuelve
OK — [envios.html] las ciudades de envío se leen de settings/shippingRates con estados de carga/vacío/error
OK — [preguntas-frecuentes.html] cada par pregunta/respuesta es editable por selector
OK — El esquema de contenido reconoce las tres páginas de ayuda

Auditoría de páginas de ayuda completada correctamente (36 comprobaciones).

> audit:aux-pages
> node scripts/auditar-auxiliares-paginas.js

OK — [404.html] idioma, viewport, título y descripción
OK — [404.html] es NO indexable (robots noindex)
OK — [404.html] mantiene el tema del sitio (primera pintura + motor en vivo)
OK — [404.html] contacto y analítica compartidos
OK — [404.html] ofrece recuperación con rutas limpias: inicio, catálogo y categorías
OK — [404.html] incluye ayuda por WhatsApp
OK — [404.html] tiene un encabezado principal y sin manejadores inline
OK — [404.html] cualquier enlace local .html residual resuelve
OK — [nosotros.html] redirige directamente a /about (meta refresh)
OK — [nosotros.html] es no indexable pero sigue el enlace (noindex, follow)
OK — [nosotros.html] consolida su canonical en la URL final limpia de about
OK — [nosotros.html] tiene un enlace visible de respaldo hacia /about
OK — [nosotros.html] sigue siendo un stub mínimo (no duplica el contenido real)
OK — [nosotros.html] la página destino about.html existe y no crea bucle de canonical
OK — Ninguna página pública enlaza a la ruta legacy nosotros

Auditoría de páginas auxiliares completada correctamente (15 comprobaciones).

> audit:final-integration
> node scripts/auditar-final-integracion.js

OK — Firebase se inicializa únicamente en js/core/firebase/firebase.js
OK — El control de tienda reutiliza store-gate-core
OK — Configuración general pública tiene una sola suscripción compartida
OK — Tienda cerrada consume settings/storeGate
OK — Apariencia consume colorSchemes y settings/appearance
OK — Contenido consume site_content
OK — robots bloquea páginas privadas y declara sitemap
OK — sitemap incluye las páginas públicas en sus URLs finales limpias
OK — sitemap no publica aliases .html redirigidos
OK — sitemap no expone páginas privadas
OK — manifest es válido y sus iconos existen
OK — _routes incluye exactamente las funciones existentes
OK — firebase.json solo despliega reglas
OK — No queda tintin-code-sh
OK — No quedan PNG obsoletos del header
OK — No quedan plantillas Liquid
OK — Todos los scripts de package.json existen
OK — Todos los scripts de CI aplicables existen

Auditoría final completada (18 comprobaciones).

> audit:performance
> node scripts/auditar-rendimiento-tiempo-real.js

OK   — Tipografía sin FOIT
OK   — El loader tiene salida garantizada
OK   — La primera pintura no espera a Firestore
OK   — El estado pendiente de tienda no tapa la navegación
OK   — La navegación interna se adelanta por intención
OK   — El catálogo público mantiene un canal en vivo acotado con respaldo
OK   — Producto lee el documento solicitado y limita relacionados
OK   — Colecciones públicas usan caché y la suscripción en vivo queda reservada al Admin
OK   — Existe caché compartida con TTL y single-flight
OK   — Los listeners de pedidos y usuarios del panel tienen límite
OK   — Los timers del dashboard se limpian
OK   — El heartbeat se detiene al ocultar o cerrar la pestaña
OK   — Las imágenes usan decoding async y lazy salvo prioridad
OK   — El bundle Admin no se carga en páginas públicas
OK   — Cloudinary tiene preconnect y dns-prefetch
OK   — Las respuestas obsoletas de estadísticas están protegidas
OK   — Firebase se inicializa en una sola fuente
OK   — Solo scripts imprescindibles bloquean el head público
WARN — Presupuesto CSS del inicio
       265 KB sin comprimir.
OK   — Presupuesto JS directo del inicio
OK   — Solo se precarga Montserrat latino

Advertencias: 1 | Fallos críticos: 0

Auditoría de rendimiento y sincronización completada.

> audit:performance-regressions
> node scripts/auditar-rendimiento-regresiones.js

OK — Montserrat mantiene swap sin FOIT
OK — La primera pintura es inmediata, estable y segura
OK — La espera remota de color no vuelve a ocultar toda la página
OK — El loader conserva salida de emergencia
OK — Autenticación pública y administrativa siguen activas
OK — Super Admin conserva acceso total
OK — Panel Admin mantiene arranque protegido
OK — Catálogo público combina canal en vivo acotado y caché de respaldo
OK — Un catálogo vacío nunca queda cacheado como actualizado
OK — El catálogo público no oculta cambios de stock por más de un minuto
OK — La ficha lee un producto y limita relacionados
OK — Colecciones públicas usan caché y Admin tiempo real
OK — Pedidos Admin siguen en vivo y acotados
OK — Usuarios Admin siguen en vivo y acotados
OK — Checkout conserva Resend
OK — Checkout protege reintentos después de agotar cuota
OK — Clientas no consultan permisos administrativos
OK — Perfil conserva cálculo desde pedidos
OK — Contacto usa configuración pública compartida
OK — Header y navegación siguen montándose
OK — Tienda cerrada conserva storeGate
OK — Correos siguen por servidor con Resend
OK — Imágenes conservan lazy y async
OK — Auditoría sigue inmutable
OK — Respuestas obsoletas siguen protegidas
OK — Bundle Admin fuera de páginas públicas
OK — No existe Service Worker con caché vieja
OK — La interfaz respeta reducción de movimiento
OK — El presupuesto de estilos no cuenta dos veces un archivo preparado

Tripwire de regresiones: sin fallos (29 comprobaciones).

> audit:page-loading
> node scripts/auditar-pagina-carga.js

AUDITORÍA DE CARGA DE PÁGINAS: OK · 18 HTML · referencias locales · imports relativos · loaders · IDs · Producto reconocido.

> audit:critical-healing
> node scripts/auditar-critico-recuperacion.js && node scripts/probar-modelo-inventario.mjs

OK — La analítica pública reactivada exige freno de frecuencia, no escritura libre
OK — La actividad pública arranca sola en cada página (ya no depende de un interruptor apagado)
OK — El servidor crea el pedido y descuenta stock sin perder atomicidad
OK — La activación final exige que todos los productos queden marcados por el pedido
OK — Cada baja de stock está ligada al producto y cantidad exacta
OK — Checkout reserva el guard anti-pedidos repetidos antes del pedido
OK — Las reglas exigen el guard de checkout y el intervalo mínimo
OK — El panel reconcilia inventario de forma transaccional
OK — Cancelar dos veces no devuelve stock dos veces
OK — Eliminar un pedido activo libera stock antes de hacerlo desaparecer
OK — La papelera masiva no recalcula toda la base ni oculta fallos parciales
OK — Las consultas públicas tienen límites explícitos
OK — El guard de checkout limita sus reintentos internos

Auditoría crítica completada (13 comprobaciones).
Inventario: 12 escenarios críticos verificados.

> audit:login-isolation
> node scripts/auditar-acceso-aislamiento.js

✓ Login mantiene su contenedor propio
✓ Header público oculto en Login
✓ Barra mobile oculta en Login
✓ Carrito y búsqueda ocultos en Login
✓ Login no reserva espacio del shell
✓ Loader de Login muestra la marca oficial completa
✓ Google usa popup como camino principal
✓ Popup bloqueado cambia automáticamente de camino
✓ Retorno de Google se completa una sola vez y sin bucle
✓ Solo el correo oficial entra automáticamente al panel
✓ Auth compartido no compite con el Login

Resultado: 11/11 comprobaciones correctas.

> audit:login-profile
> node scripts/auditar-acceso-perfil-incorporacion.js && node --test tests/login/profile-onboarding.test.mjs

PASS el login pasa el rol a las tres validaciones de perfil
PASS el guardado usa una transacción
PASS el nombre del proveedor se confirma antes de editar
PASS el teléfono se puede solicitar independientemente
PASS el superadmin se excluye por rol o correo
PASS solo se completa un teléfono ausente
PASS el nombre y el apellido se validan por separado
PASS los nombres genéricos no se guardan como reales
PASS la ubicación exige coordenadas, no solo texto
TAP version 13
# Subtest: el superadmin nunca entra al onboarding aunque no tenga datos
ok 1 - el superadmin nunca entra al onboarding aunque no tenga datos
  ---
  duration_ms: 1.287156
  type: 'test'
  ...
# Subtest: una cuenta completa entra directo sin volver a abrir el onboarding
ok 2 - una cuenta completa entra directo sin volver a abrir el onboarding
  ---
  duration_ms: 1.14592
  type: 'test'
  ...
# Subtest: si falta solo el teléfono conserva el nombre y muestra la ubicación ya guardada
ok 3 - si falta solo el teléfono conserva el nombre y muestra la ubicación ya guardada
  ---
  duration_ms: 0.951123
  type: 'test'
  ...
# Subtest: si Google entrega un nombre completo se propone para confirmarlo
ok 4 - si Google entrega un nombre completo se propone para confirmarlo
  ---
  duration_ms: 0.217871
  type: 'test'
  ...
# Subtest: si Google solo entrega una inicial no se propone nada
ok 5 - si Google solo entrega una inicial no se propone nada
  ---
  duration_ms: 0.184699
  type: 'test'
  ...
# Subtest: si Google entrega solo el nombre se propone y se sigue pidiendo el apellido
ok 6 - si Google entrega solo el nombre se propone y se sigue pidiendo el apellido
  ---
  duration_ms: 0.163067
  type: 'test'
  ...
# Subtest: un perfil viejo con un solo nombre vuelve a pedir el apellido
ok 7 - un perfil viejo con un solo nombre vuelve a pedir el apellido
  ---
  duration_ms: 0.243108
  type: 'test'
  ...
# Subtest: falta la ubicación aunque el nombre y el teléfono estén completos
ok 8 - falta la ubicación aunque el nombre y el teléfono estén completos
  ---
  duration_ms: 0.210907
  type: 'test'
  ...
# Subtest: una transacción concurrente no vuelve a pisar campos ya completados
ok 9 - una transacción concurrente no vuelve a pisar campos ya completados
  ---
  duration_ms: 0.36559
  type: 'test'
  ...
# Subtest: un cambio de nombre solo se aplica cuando fue explícito
ok 10 - un cambio de nombre solo se aplica cuando fue explícito
  ---
  duration_ms: 0.495083
  type: 'test'
  ...
# Subtest: la ubicación se guarda en el mismo formato que usa el checkout
ok 11 - la ubicación se guarda en el mismo formato que usa el checkout
  ---
  duration_ms: 0.242266
  type: 'test'
  ...
# Subtest: una ubicación existente solo cambia cuando la persona mueve o reemplaza el punto
ok 12 - una ubicación existente solo cambia cuando la persona mueve o reemplaza el punto
  ---
  duration_ms: 0.197363
  type: 'test'
  ...
# Subtest: una ubicación sin coordenadas no se guarda
ok 13 - una ubicación sin coordenadas no se guarda
  ---
  duration_ms: 0.191401
  type: 'test'
  ...
# Subtest: una ubicación guardada desde checkout no abre el onboarding por sí sola
ok 14 - una ubicación guardada desde checkout no abre el onboarding por sí sola
  ---
  duration_ms: 0.211849
  type: 'test'
  ...
# Subtest: un nombre inválido nunca se guarda
ok 15 - un nombre inválido nunca se guarda
  ---
  duration_ms: 1.408746
  type: 'test'
  ...
# Subtest: los nombres reales con tildes, apóstrofes y guiones se aceptan
ok 16 - los nombres reales con tildes, apóstrofes y guiones se aceptan
  ---
  duration_ms: 0.127099
  type: 'test'
  ...
# Subtest: los nombres basura se rechazan
ok 17 - los nombres basura se rechazan
  ---
  duration_ms: 0.141116
  type: 'test'
  ...
# Subtest: isValidFullName exige que los dos lados sirvan
ok 18 - isValidFullName exige que los dos lados sirvan
  ---
  duration_ms: 0.128722
  type: 'test'
  ...
# Subtest: splitFullName separa la primera palabra del resto
ok 19 - splitFullName separa la primera palabra del resto
  ---
  duration_ms: 0.138732
  type: 'test'
  ...
# Subtest: readProfileName prefiere los campos separados y si no parte `name`
ok 20 - readProfileName prefiere los campos separados y si no parte `name`
  ---
  duration_ms: 0.1269
  type: 'test'
  ...
# Subtest: hasUsableAddress exige nombre y coordenadas reales
ok 21 - hasUsableAddress exige nombre y coordenadas reales
  ---
  duration_ms: 0.113444
  type: 'test'
  ...
1..21
# tests 21
# suites 0
# pass 21
# fail 0
# cancelled 0
# skipped 0
# todo 0
# duration_ms 79.467161

> audit:hero-background-controls
> node scripts/auditar-hero-fondo-controles.js

✓ Hero con respaldo sólido
✓ Ajuste independiente en desktop
✓ Ajuste independiente en tablet
✓ Ajuste independiente en mobile
✓ Botón secundario del hero siempre legible
✓ Consentimiento de privacidad sólido
✓ Botón Tienda conserva color de marca

Resultado: 7/7 comprobaciones correctas.

> audit:storegate-deadlock
> node scripts/auditar-control-tienda-bloqueo.js

✓ Ausencia de storeGate no bloquea toda la tienda
✓ storeGate sigue siendo la fuente pública mínima
✓ settings/general no queda expuesto públicamente
✓ El runtime consulta settings/storeGate
✓ El panel guarda general y storeGate atómicamente
✓ No se restaura el fallback legado inseguro

Resultado: 6/6 comprobaciones correctas.

> audit:app-check-bootstrap
> node scripts/auditar-app-check-arranque.js

OK — GitHub Pages redirige al origen público antes de inicializar la aplicación
OK — El origen público nunca se trata como host técnico
OK — App Check Enterprise obtiene un primer token antes del refresco automático
OK — El estado público solo marca App Check activo después del token
OK — El control de tienda espera la certificación del origen
OK — Una falla transitoria usa un solo modo consulta, nunca otra ventana modal
OK — El modo consulta bloquea únicamente el paso crítico de compra
OK — La presencia no escribe sin App Check
OK — La presencia corta los reintentos ante rechazos permanentes
OK — Los lectores públicos no encadenan errores si App Check falla
OK — Todos los consumidores usan una sola versión de Firebase
OK — Todas las páginas fuerzan el loader corregido
OK — La portada no precarga dos veces la hoja principal

Auditoría de arranque App Check completada correctamente.

> audit:part2h
> node scripts/auditar-final-barrido-parte-2h.js

OK — Las 18 rutas del producto permanecen presentes
OK — El smoke test recorre las 18 rutas
OK — La geometría conserva las 7 pantallas oficiales
OK — La geometría conserva los límites responsive críticos
OK — El diagnóstico final representa las 18 páginas
OK — El diagnóstico final conserva los 6 roles
OK — Parte 2A: auditorías y workflow presentes
OK — Parte 2A: workflow conectado a sus auditorías
OK — Parte 2B: auditorías y workflow presentes
OK — Parte 2B: workflow conectado a sus auditorías
OK — Parte 2C: auditorías y workflow presentes
OK — Parte 2C: workflow conectado a sus auditorías
OK — Parte 2D: auditorías y workflow presentes
OK — Parte 2D: workflow conectado a sus auditorías
OK — Parte 2E: auditorías y workflow presentes
OK — Parte 2E: workflow conectado a sus auditorías
OK — Parte 2F: auditorías y workflow presentes
OK — Parte 2F: workflow conectado a sus auditorías
OK — Parte 2G: auditorías y workflow presentes
OK — Parte 2G: workflow conectado a sus auditorías
OK — Las imágenes sin origen estático declaran su carga dinámica
OK — El manifiesto final no contiene referencias locales faltantes
OK — La Parte 2H está conectada a la auditoría final
OK — La protección continua de la Parte 2H está activa

Barrido final 2H completado (24 comprobaciones).

> audit:phase5
> node scripts/auditar-fase-5-rendimiento.js

OK   — La portada usa una consulta acotada sin listener masivo
OK   — Páginas informativas no importan products-store al iniciar
OK   — Checkout reliability se limita a Checkout
OK   — El shell reconoce URLs limpias de Cloudflare
OK   — Public shell tiene cache bust nuevo en todos los HTML
OK   — tienda.js optimizado por Cloudinary tiene cache bust nuevo
OK   — Montserrat italic conserva el preload contractual
OK   — La medición apunta al origen canónico centralizado de Cloudflare
OK   — Web Vitals incluye DCL, INP, transferencias, duplicados y lecturas

Fase 5: invariantes de rendimiento protegidas.

> audit:phase6
> node scripts/auditar-fase-6-seguridad.js

OK — El checkout no crea pedidos desde el SDK; solo Super Admin puede crear manualmente
OK — El cliente no reserva stock por reglas heredadas
OK — Solo Super Admin elimina pedidos
OK — Viewer no puede crear productos
OK — El rol superadmin no es asignable a otra cuenta
OK — El endpoint valida 'action', 'idToken', 'requestId', 'cartLines'
OK — El endpoint valida phase4HasOnlyKeys_(rawLine, ['id', 'qty', 'variants', 'variant'])
OK — El endpoint valida phase4HasOnlyKeys_(payload.mapLocation, ['lat', 'lng', 'name', 'address'])
OK — El endpoint valida phase4EmailValid_(contactEmail)
OK — El endpoint valida phase4ExpectedMoneyValid_(payload.expectedTotal)
OK — El endpoint no devuelve cuerpos internos de Firestore
OK — El cliente no propaga respuestas crudas del endpoint
OK — Encabezado presente: Content-Security-Policy:
OK — Encabezado presente: Strict-Transport-Security:
OK — Encabezado presente: Permissions-Policy:
OK — Encabezado presente: Referrer-Policy:
OK — Encabezado presente: X-Content-Type-Options:
OK — Encabezado presente: X-Frame-Options: SAMEORIGIN
OK — Encabezado presente: Cross-Origin-Opener-Policy: same-origin-allow-popups
OK — La CSP permite el endpoint server-side de pedidos
OK — Cada línea de _headers respeta el límite de Cloudflare Pages
OK — Cada página tiene una CSP exacta para su ruta pública
OK — Cada CSP por ruta fija sus scripts inline por hash
OK — Ninguna CSP por ruta permite ejecución inline arbitraria
OK — Cada CSP por ruta conserva las protecciones estructurales
OK — Cada CSP por ruta bloquea el clickjacking (frame-ancestors 'none' o 'self')
OK — La CSP por ruta es reproducible
OK — HTML no se almacena como versión inmutable
OK — CSS y JavaScript versionados conservan caché inmutable
OK — No hay claves privadas o service accounts en el repositorio
OK — La Fase 6 forma parte de audit:final

Auditoría Fase 6: todo correcto.

> audit:phase7-catalog
> node scripts/auditar-fase-7-catalogo.js

OK — Existe una política única de producto comprable
OK — Los agotados permanecen visibles, pero no se pueden comprar
OK — Los agotados van al final y las reposiciones vuelven al inicio en tiempo real
OK — Las colecciones ocultas también ocultan sus productos
OK — La caché conserva descripción, tags, variantes e imágenes
OK — La búsqueda global y la del catálogo incluyen tags y variantes
OK — La búsqueda pública excluye productos no comprables
OK — Las variantes se eligen en la ficha antes de agregar
OK — El carrito se reconcilia con precio, stock, variante y visibilidad reales
OK — El Admin valida límites numéricos y categorías existentes
OK — El Admin acepta valores de variante separados por coma y elimina variantes antiguas
OK — Los tags se normalizan y tienen límites
OK — La sincronización con Sheets sigue autenticada y acotada
OK — La política se carga antes de products-store
OK — La Fase 7 forma parte de audit:final

Auditoría Fase 7: todo correcto (15 comprobaciones).

> audit:phase8-ui
> node scripts/auditar-fase-8-ui-ux.js

OK — El runtime de Fase 8 se carga una sola vez desde page-loader
OK — La hoja de estilos de UI/UX se inyecta de forma versionada
OK — Todas las páginas HTML usan la nueva versión de page-loader
OK — Los controles reciben feedback visible para mouse, tacto y teclado
OK — Las operaciones asíncronas exponen estado ocupado y se recuperan
OK — Los formularios inválidos nunca quedan bloqueados
OK — Existe una API segura para carga, error, vacío, éxito e información
OK — Errores y estados normales usan roles y live regions apropiados
OK — Los estados dinámicos existentes se mejoran sin reemplazar su contenido
OK — Las grillas ocupadas no se convierten en superficies angostas de estado
OK — Los estados visuales siguen la identidad de Tintin
OK — Las animaciones usan duraciones y curva comunes
OK — Movimiento reducido elimina desplazamientos y shimmer
OK — Las imágenes fallidas muestran una explicación accesible
OK — La Fase 8 tiene auditoría estática y prueba de navegador dedicadas

Auditoría Fase 8: UI/UX correcta (15 comprobaciones).

> audit:phase10
> node scripts/auditar-fase-10-accessibility.js

OK — La Fase 10 se inicia desde el runtime compartido
OK — Todas las páginas usan la versión de caché de Fase 10
OK — Existe enlace para saltar al contenido
OK — Los controles personalizados funcionan con teclado
OK — Los diálogos atrapan y restauran el foco
OK — Los formularios anuncian errores sin bloquearse
OK — El estado sin conexión es informativo y recuperable
OK — WhatsApp e iconos pueden recibir nombre accesible
OK — Foco, contraste, tacto y movimiento tienen estilos inclusivos
OK — La tienda cerrada conserva diálogo modal e inert
OK — 404 y privacidad siguen disponibles
OK — La auditoría y la prueba de navegador son permanentes

Auditoría Fase 10: accesibilidad y experiencia correctas (12 comprobaciones).

> audit:phase11
> node scripts/auditar-fase-11-seo.js

OK — Origen público central válido
OK — index.html: título único
OK — index.html: descripción única
OK — index.html: canonical único
OK — index.html: Open Graph completo
OK — index.html: Twitter completo
OK — index.html: PWA e iconos
OK — index.html: indexable
OK — catalogo.html: título único
OK — catalogo.html: descripción única
OK — catalogo.html: canonical único
OK — catalogo.html: Open Graph completo
OK — catalogo.html: Twitter completo
OK — catalogo.html: PWA e iconos
OK — catalogo.html: indexable
OK — collections.html: título único
OK — collections.html: descripción única
OK — collections.html: canonical único
OK — collections.html: Open Graph completo
OK — collections.html: Twitter completo
OK — collections.html: PWA e iconos
OK — collections.html: indexable
OK — product.html: título único
OK — product.html: descripción única
OK — product.html: canonical único
OK — product.html: Open Graph completo
OK — product.html: Twitter completo
OK — product.html: PWA e iconos
OK — product.html: indexable
OK — about.html: título único
OK — about.html: descripción única
OK — about.html: canonical único
OK — about.html: Open Graph completo
OK — about.html: Twitter completo
OK — about.html: PWA e iconos
OK — about.html: indexable
OK — contact.html: título único
OK — contact.html: descripción única
OK — contact.html: canonical único
OK — contact.html: Open Graph completo
OK — contact.html: Twitter completo
OK — contact.html: PWA e iconos
OK — contact.html: indexable
OK — envios.html: título único
OK — envios.html: descripción única
OK — envios.html: canonical único
OK — envios.html: Open Graph completo
OK — envios.html: Twitter completo
OK — envios.html: PWA e iconos
OK — envios.html: indexable
OK — cambios-devoluciones.html: título único
OK — cambios-devoluciones.html: descripción única
OK — cambios-devoluciones.html: canonical único
OK — cambios-devoluciones.html: Open Graph completo
OK — cambios-devoluciones.html: Twitter completo
OK — cambios-devoluciones.html: PWA e iconos
OK — cambios-devoluciones.html: indexable
OK — preguntas-frecuentes.html: título único
OK — preguntas-frecuentes.html: descripción única
OK — preguntas-frecuentes.html: canonical único
OK — preguntas-frecuentes.html: Open Graph completo
OK — preguntas-frecuentes.html: Twitter completo
OK — preguntas-frecuentes.html: PWA e iconos
OK — preguntas-frecuentes.html: indexable
OK — terminos.html: título único
OK — terminos.html: descripción única
OK — terminos.html: canonical único
OK — terminos.html: Open Graph completo
OK — terminos.html: Twitter completo
OK — terminos.html: PWA e iconos
OK — terminos.html: indexable
OK — privacidad.html: título único
OK — privacidad.html: descripción única
OK — privacidad.html: canonical único
OK — privacidad.html: Open Graph completo
OK — privacidad.html: Twitter completo
OK — privacidad.html: PWA e iconos
OK — privacidad.html: indexable
OK — 404.html: noindex
OK — admin.html: noindex
OK — admin-images.html: noindex
OK — checkout.html: noindex
OK — login.html: noindex
OK — perfil.html: noindex
OK — nosotros.html: noindex
OK — No quedan URLs activas de GitHub Pages
OK — Producto genera canonical limpio en runtime
OK — Producto genera JSON-LD con origen público estable
OK — Producto publica JSON-LD vigente
OK — Producto tiene metadatos SEO en edge
OK — Sitemap contiene solo URLs finales indexables
OK — Sitemap no publica URLs .html
OK — robots enlaza sitemap estático
OK — robots enlaza sitemap de productos
OK — Existe sitemap dinámico de productos
OK — Manifest tiene identidad, scope e iconos válidos
OK — Inicio publica Store JSON-LD
OK — 404.html: recurso local js/components/color/esquema-color-instantaneo.js?v=tintin-20260810-fast-nav-2
OK — 404.html: recurso local js/cargador-pagina.js?v=tintin-20260812-apariencia-seleccion-1
OK — 404.html: recurso local js/components/navigation/compatibilidad/inicio-control-paneles.js?v=tintin-20260811-cls-desktop-stable-2
OK — 404.html: recurso local js/inicio-navegacion-publica.js?v=tintin-20260814-social-notifications-1
OK — 404.html: recurso local favicon.ico
OK — 404.html: recurso local favicon-32x32.png
OK — 404.html: recurso local favicon-16x16.png
OK — 404.html: recurso local apple-touch-icon.png
OK — 404.html: recurso local manifest.json
OK — 404.html: recurso local assets-tintin/fonts/montserrat-latin-wght-normal.woff2
OK — 404.html: recurso local assets-tintin/fonts/montserrat-latin-wght-italic.woff2
OK — 404.html: recurso local js/core/firebase/firebase.js?v=tintin-20260730-appcheck-stable-4
OK — 404.html: recurso local js/core/store-gate/control-tienda.js?v=tintin-20260809-loader-lifecycle-fix-1
OK — 404.html: recurso local js/core/store-gate/nucleo-control-tienda.js?v=tintin-20260730-appcheck-stable-4
OK — 404.html: recurso local js/components/navigation/entrada-navegacion-publica.js?v=tintin-20260814-social-notifications-1
OK — 404.html: recurso local css/components/navigation/escritorio/encabezado-escritorio.css?v=tintin-20260811-cls-header-reserve-1
OK — 404.html: recurso local css/components/navigation/tableta/encabezado-tableta.css?v=tintin-20260811-cls-header-reserve-1
OK — 404.html: recurso local css/components/navigation/movil/encabezado-movil.css?v=tintin-20260811-cls-header-reserve-1
OK — 404.html: recurso local css/components/navigation/compartido/transiciones-navegacion.css?v=tintin-20260811-cls-header-reserve-1
OK — 404.html: recurso local css/components/navigation/compartido/paneles.css?v=tintin-20260811-cls-header-reserve-1
OK — 404.html: recurso local css/components/navigation/compartido/busqueda.css?v=tintin-20260811-cls-header-reserve-1
OK — 404.html: recurso local css/core/montserrat.css?v=tintin-20260811-cls-desktop-stable-2
OK — 404.html: recurso local css/theme/superficies-solidas-interfaz.css?v=tintin-20260811-cls-desktop-stable-2
OK — 404.html: recurso local css/components/navigation/movil/fondos-solidos-movil.css?v=tintin-20260811-cls-desktop-stable-2
OK — 404.html: recurso local css/theme/fondo-solido-cargador.css?v=tintin-20260811-cls-desktop-stable-2
OK — 404.html: recurso local css/core/tokens-color.css?v=tintin-20260811-cls-desktop-stable-2
OK — 404.html: recurso local styles.css?v=tintin-20260811-cls-desktop-stable-2
OK — 404.html: recurso local css/quality/ajuste-global.css?v=tintin-20260811-cls-desktop-stable-2
OK — 404.html: recurso local css/quality/estados-especiales-sistema.css?v=tintin-20260811-cls-desktop-stable-2
OK — 404.html: recurso local css/quality/calidad-interfaz.css?v=tintin-20260811-cls-desktop-stable-2
OK — 404.html: recurso local css/core/tema-unificado-tintin.css?v=tintin-20260811-cls-desktop-stable-2
OK — 404.html: recurso local css/core/limpieza-tema-tintin.css?v=tintin-20260811-cls-desktop-stable-2
OK — 404.html: recurso local css/theme/paridad-segura-tintin.css?v=tintin-20260811-cls-desktop-stable-2
OK — 404.html: recurso local css/quality/movimiento.css?v=tintin-20260811-cls-desktop-stable-2
OK — 404.html: recurso local css/quality/contraste.css?v=tintin-20260811-cls-desktop-stable-2
OK — 404.html: recurso local js/components/contact/whatsapp.js?v=tintin-20260716-cloudinary-fix-1
OK — 404.html: recurso local js/analytics/analitica.js?v=tintin-20260716-cloudinary-fix-1
OK — 404.html: recurso local js/core/auth/proteccion-sesion.js?v=tintin-20260726-session-guard-1
OK — 404.html: recurso local tienda.js?v=tintin-20260813-products-unified-1
OK — 404.html: recurso local js/components/color/esquema-color.js?v=tintin-20260716-cloudinary-fix-1
OK — 404.html: recurso local js/visual-builder-bootstrap.js?v=tintin-20260814-visual-studio-v2-4
OK — about.html: recurso local js/components/color/esquema-color-instantaneo.js?v=tintin-20260810-fast-nav-2
OK — about.html: recurso local js/cargador-pagina.js?v=tintin-20260812-apariencia-seleccion-1
OK — about.html: recurso local js/components/navigation/compatibilidad/inicio-control-paneles.js?v=tintin-20260811-cls-desktop-stable-2
OK — about.html: recurso local js/inicio-navegacion-publica.js?v=tintin-20260814-social-notifications-1
OK — about.html: recurso local favicon.ico
OK — about.html: recurso local favicon-32x32.png
OK — about.html: recurso local favicon-16x16.png
OK — about.html: recurso local apple-touch-icon.png
OK — about.html: recurso local manifest.json
OK — about.html: recurso local assets-tintin/fonts/montserrat-latin-wght-normal.woff2
OK — about.html: recurso local assets-tintin/fonts/montserrat-latin-wght-italic.woff2
OK — about.html: recurso local js/core/firebase/firebase.js?v=tintin-20260730-appcheck-stable-4
OK — about.html: recurso local js/core/store-gate/control-tienda.js?v=tintin-20260809-loader-lifecycle-fix-1
OK — about.html: recurso local js/core/store-gate/nucleo-control-tienda.js?v=tintin-20260730-appcheck-stable-4
OK — about.html: recurso local js/components/navigation/entrada-navegacion-publica.js?v=tintin-20260814-social-notifications-1
OK — about.html: recurso local css/components/navigation/escritorio/encabezado-escritorio.css?v=tintin-20260811-cls-header-reserve-1
OK — about.html: recurso local css/components/navigation/tableta/encabezado-tableta.css?v=tintin-20260811-cls-header-reserve-1
OK — about.html: recurso local css/components/navigation/movil/encabezado-movil.css?v=tintin-20260811-cls-header-reserve-1
OK — about.html: recurso local css/components/navigation/compartido/transiciones-navegacion.css?v=tintin-20260811-cls-header-reserve-1
OK — about.html: recurso local css/components/navigation/compartido/paneles.css?v=tintin-20260811-cls-header-reserve-1
OK — about.html: recurso local css/components/navigation/compartido/busqueda.css?v=tintin-20260811-cls-header-reserve-1
OK — about.html: recurso local css/core/montserrat.css?v=tintin-20260811-cls-desktop-stable-2
OK — about.html: recurso local css/theme/superficies-solidas-interfaz.css?v=tintin-20260811-cls-desktop-stable-2
OK — about.html: recurso local css/components/navigation/movil/fondos-solidos-movil.css?v=tintin-20260811-cls-desktop-stable-2
OK — about.html: recurso local css/theme/fondo-solido-cargador.css?v=tintin-20260811-cls-desktop-stable-2
OK — about.html: recurso local css/core/tokens-color.css?v=tintin-20260811-cls-desktop-stable-2
OK — about.html: recurso local styles.css?v=tintin-20260811-cls-desktop-stable-2
OK — about.html: recurso local css/quality/ajuste-global.css?v=tintin-20260811-cls-desktop-stable-2
OK — about.html: recurso local css/quality/estados-especiales-sistema.css?v=tintin-20260811-cls-desktop-stable-2
OK — about.html: recurso local css/quality/calidad-interfaz.css?v=tintin-20260811-cls-desktop-stable-2
OK — about.html: recurso local css/core/tema-unificado-tintin.css?v=tintin-20260811-cls-desktop-stable-2
OK — about.html: recurso local css/core/limpieza-tema-tintin.css?v=tintin-20260811-cls-desktop-stable-2
OK — about.html: recurso local css/theme/paridad-segura-tintin.css?v=tintin-20260811-cls-desktop-stable-2
OK — about.html: recurso local css/quality/movimiento.css?v=tintin-20260811-cls-desktop-stable-2
OK — about.html: recurso local css/quality/contraste.css?v=tintin-20260811-cls-desktop-stable-2
OK — about.html: recurso local assets-tintin/images/nosotros/foto-principal/foto-principal-desktop.webp
OK — about.html: recurso local assets-tintin/images/nosotros/foto-principal/foto-principal-desktop.webp
OK — about.html: recurso local assets-tintin/images/general/logo.png?v=tintin-20260715-15
OK — about.html: recurso local tienda.js?v=tintin-20260813-products-unified-1
OK — about.html: recurso local js/components/contact/whatsapp.js?v=tintin-20260716-cloudinary-fix-1
OK — about.html: recurso local js/analytics/analitica.js?v=tintin-20260716-cloudinary-fix-1
OK — about.html: recurso local js/core/auth/proteccion-sesion.js?v=tintin-20260726-session-guard-1
OK — about.html: recurso local js/core/auth/insignia-edicion.js?v=tintin-20260716-cloudinary-fix-1
OK — about.html: recurso local js/components/color/esquema-color.js?v=tintin-20260716-cloudinary-fix-1
OK — about.html: recurso local js/visual-builder-bootstrap.js?v=tintin-20260814-visual-studio-v2-4
OK — admin-images.html: recurso local js/cargador-pagina.js?v=tintin-20260812-apariencia-seleccion-1
OK — admin-images.html: recurso local js/admin/proteccion-cambios-pendientes-admin.js?v=tintin-20260716-cloudinary-fix-1
OK — admin-images.html: recurso local assets-tintin/fonts/montserrat-latin-wght-normal.woff2
OK — admin-images.html: recurso local assets-tintin/fonts/montserrat-latin-wght-italic.woff2
OK — admin-images.html: recurso local js/core/firebase/firebase.js?v=tintin-20260730-appcheck-stable-4
OK — admin-images.html: recurso local js/core/store-gate/control-tienda.js?v=tintin-20260809-loader-lifecycle-fix-1
OK — admin-images.html: recurso local js/core/store-gate/nucleo-control-tienda.js?v=tintin-20260730-appcheck-stable-4
OK — admin-images.html: recurso local css/core/montserrat.css?v=tintin-20260811-cls-desktop-stable-2
OK — admin-images.html: recurso local favicon.ico
OK — admin-images.html: recurso local favicon-32x32.png
OK — admin-images.html: recurso local favicon-16x16.png
OK — admin-images.html: recurso local apple-touch-icon.png
OK — admin-images.html: recurso local css/theme/superficies-solidas-interfaz.css?v=tintin-20260811-cls-desktop-stable-2
OK — admin-images.html: recurso local css/components/navigation/movil/fondos-solidos-movil.css?v=tintin-20260811-cls-desktop-stable-2
OK — admin-images.html: recurso local css/theme/fondo-solido-cargador.css?v=tintin-20260811-cls-desktop-stable-2
OK — admin-images.html: recurso local css/core/tokens-color.css?v=tintin-20260811-cls-desktop-stable-2
OK — admin-images.html: recurso local css/quality/ajuste-global.css?v=tintin-20260811-cls-desktop-stable-2
OK — admin-images.html: recurso local css/quality/estados-especiales-sistema.css?v=tintin-20260811-cls-desktop-stable-2
OK — admin-images.html: recurso local css/admin/admin-color-tokens.css?v=tintin-20260811-cls-desktop-stable-2
OK — admin-images.html: recurso local css/quality/movimiento.css?v=tintin-20260811-cls-desktop-stable-2
OK — admin-images.html: recurso local css/quality/contraste.css?v=tintin-20260811-cls-desktop-stable-2
OK — admin-images.html: recurso local js/admin/settings/esquema-color-admin.js?v=tintin-20260810-global-studio-4
OK — admin-images.html: recurso local js/core/auth/proteccion-sesion.js?v=tintin-20260726-session-guard-1
OK — admin.html: recurso local js/cargador-pagina.js?v=tintin-20260812-apariencia-seleccion-1
OK — admin.html: recurso local js/admin/proteccion-cambios-pendientes-admin.js?v=tintin-20260716-cloudinary-fix-1
OK — admin.html: recurso local assets-tintin/fonts/montserrat-latin-wght-normal.woff2
OK — admin.html: recurso local assets-tintin/fonts/montserrat-latin-wght-italic.woff2
OK — admin.html: recurso local js/core/firebase/firebase.js?v=tintin-20260730-appcheck-stable-4
OK — admin.html: recurso local css/core/montserrat.css?v=tintin-20260811-cls-desktop-stable-2
OK — admin.html: recurso local favicon.ico
OK — admin.html: recurso local favicon-32x32.png
OK — admin.html: recurso local favicon-16x16.png
OK — admin.html: recurso local apple-touch-icon.png
OK — admin.html: recurso local css/theme/superficies-solidas-interfaz.css?v=tintin-20260811-cls-desktop-stable-2
OK — admin.html: recurso local css/components/navigation/movil/fondos-solidos-movil.css?v=tintin-20260811-cls-desktop-stable-2
OK — admin.html: recurso local css/theme/fondo-solido-cargador.css?v=tintin-20260811-cls-desktop-stable-2
OK — admin.html: recurso local css/core/tokens-color.css?v=tintin-20260811-cls-desktop-stable-2
OK — admin.html: recurso local css/quality/ajuste-global.css?v=tintin-20260811-cls-desktop-stable-2
OK — admin.html: recurso local css/quality/estados-especiales-sistema.css?v=tintin-20260811-cls-desktop-stable-2
OK — admin.html: recurso local css/admin/admin-color-tokens.css?v=tintin-20260811-cls-desktop-stable-2
OK — admin.html: recurso local css/core/tokens-tintin.css?v=tintin-20260811-cls-desktop-stable-2
OK — admin.html: recurso local css/admin/admin.css?v=tintin-20260814-tcg-panel-extend-4
OK — admin.html: recurso local css/admin/editor-visual.css?v=tintin-20260812-apariencia-responsive-1
OK — admin.html: recurso local css/admin/participacion-admin.css?v=tintin-20260814-tcg-engagement-2
OK — admin.html: recurso local css/quality/calidad-interfaz.css?v=tintin-20260811-cls-desktop-stable-2
OK — admin.html: recurso local css/core/tema-unificado-tintin.css?v=tintin-20260811-cls-desktop-stable-2
OK — admin.html: recurso local css/core/limpieza-tema-tintin.css?v=tintin-20260811-cls-desktop-stable-2
OK — admin.html: recurso local css/theme/paridad-segura-tintin.css?v=tintin-20260811-cls-desktop-stable-2
OK — admin.html: recurso local css/quality/movimiento.css?v=tintin-20260811-cls-desktop-stable-2
OK — admin.html: recurso local css/quality/contraste.css?v=tintin-20260811-cls-desktop-stable-2
OK — admin.html: recurso local js/admin/admin-app.js?v=tintin-20260813-products-unified-1
OK — admin.html: recurso local js/admin/participacion/gestion-participacion-admin.js?v=tintin-20260813-participacion-1
OK — admin.html: recurso local js/admin/shopify-commerce-admin.js?v=tintin-20260812-trash-aislado-1
OK — admin.html: recurso local js/admin/appearance/editor-visual-admin.js?v=tintin-20260814-apariencia-horizontal-3
OK — admin.html: recurso local js/admin/appearance/visual-studio-layout-admin.js?v=tintin-20260810-global-layout-2
OK — admin.html: recurso local js/admin/settings/esquema-color-admin.js?v=tintin-20260810-global-studio-4
OK — admin.html: recurso local js/core/auth/proteccion-sesion.js?v=tintin-20260726-session-guard-1
OK — admin.html: recurso local js/admin/notifications/notificaciones-admin.js?v=tintin-20260814-social-notifications-1
OK — cambios-devoluciones.html: recurso local js/components/color/esquema-color-instantaneo.js?v=tintin-20260810-fast-nav-2
OK — cambios-devoluciones.html: recurso local js/cargador-pagina.js?v=tintin-20260812-apariencia-seleccion-1
OK — cambios-devoluciones.html: recurso local js/components/navigation/compatibilidad/inicio-control-paneles.js?v=tintin-20260811-cls-desktop-stable-2
OK — cambios-devoluciones.html: recurso local js/inicio-navegacion-publica.js?v=tintin-20260814-social-notifications-1
OK — cambios-devoluciones.html: recurso local favicon.ico
OK — cambios-devoluciones.html: recurso local favicon-32x32.png
OK — cambios-devoluciones.html: recurso local favicon-16x16.png
OK — cambios-devoluciones.html: recurso local apple-touch-icon.png
OK — cambios-devoluciones.html: recurso local manifest.json
OK — cambios-devoluciones.html: recurso local assets-tintin/fonts/montserrat-latin-wght-normal.woff2
OK — cambios-devoluciones.html: recurso local assets-tintin/fonts/montserrat-latin-wght-italic.woff2
OK — cambios-devoluciones.html: recurso local js/core/firebase/firebase.js?v=tintin-20260730-appcheck-stable-4
OK — cambios-devoluciones.html: recurso local js/core/store-gate/control-tienda.js?v=tintin-20260809-loader-lifecycle-fix-1
OK — cambios-devoluciones.html: recurso local js/core/store-gate/nucleo-control-tienda.js?v=tintin-20260730-appcheck-stable-4
OK — cambios-devoluciones.html: recurso local js/components/navigation/entrada-navegacion-publica.js?v=tintin-20260814-social-notifications-1
OK — cambios-devoluciones.html: recurso local css/components/navigation/escritorio/encabezado-escritorio.css?v=tintin-20260811-cls-header-reserve-1
OK — cambios-devoluciones.html: recurso local css/components/navigation/tableta/encabezado-tableta.css?v=tintin-20260811-cls-header-reserve-1
OK — cambios-devoluciones.html: recurso local css/components/navigation/movil/encabezado-movil.css?v=tintin-20260811-cls-header-reserve-1
OK — cambios-devoluciones.html: recurso local css/components/navigation/compartido/transiciones-navegacion.css?v=tintin-20260811-cls-header-reserve-1
OK — cambios-devoluciones.html: recurso local css/components/navigation/compartido/paneles.css?v=tintin-20260811-cls-header-reserve-1
OK — cambios-devoluciones.html: recurso local css/components/navigation/compartido/busqueda.css?v=tintin-20260811-cls-header-reserve-1
OK — cambios-devoluciones.html: recurso local css/core/montserrat.css?v=tintin-20260811-cls-desktop-stable-2
OK — cambios-devoluciones.html: recurso local css/theme/superficies-solidas-interfaz.css?v=tintin-20260811-cls-desktop-stable-2
OK — cambios-devoluciones.html: recurso local css/components/navigation/movil/fondos-solidos-movil.css?v=tintin-20260811-cls-desktop-stable-2
OK — cambios-devoluciones.html: recurso local css/theme/fondo-solido-cargador.css?v=tintin-20260811-cls-desktop-stable-2
OK — cambios-devoluciones.html: recurso local css/core/tokens-color.css?v=tintin-20260811-cls-desktop-stable-2
OK — cambios-devoluciones.html: recurso local styles.css?v=tintin-20260811-cls-desktop-stable-2
OK — cambios-devoluciones.html: recurso local css/quality/ajuste-global.css?v=tintin-20260811-cls-desktop-stable-2
OK — cambios-devoluciones.html: recurso local css/quality/estados-especiales-sistema.css?v=tintin-20260811-cls-desktop-stable-2
OK — cambios-devoluciones.html: recurso local css/quality/calidad-interfaz.css?v=tintin-20260811-cls-desktop-stable-2
OK — cambios-devoluciones.html: recurso local css/core/tema-unificado-tintin.css?v=tintin-20260811-cls-desktop-stable-2
OK — cambios-devoluciones.html: recurso local css/core/limpieza-tema-tintin.css?v=tintin-20260811-cls-desktop-stable-2
OK — cambios-devoluciones.html: recurso local css/theme/paridad-segura-tintin.css?v=tintin-20260811-cls-desktop-stable-2
OK — cambios-devoluciones.html: recurso local css/quality/movimiento.css?v=tintin-20260811-cls-desktop-stable-2
OK — cambios-devoluciones.html: recurso local css/quality/contraste.css?v=tintin-20260811-cls-desktop-stable-2
OK — cambios-devoluciones.html: recurso local assets-tintin/images/general/logo.png?v=tintin-20260715-15
OK — cambios-devoluciones.html: recurso local tienda.js?v=tintin-20260813-products-unified-1
OK — cambios-devoluciones.html: recurso local js/components/contact/whatsapp.js?v=tintin-20260716-cloudinary-fix-1
OK — cambios-devoluciones.html: recurso local js/analytics/analitica.js?v=tintin-20260716-cloudinary-fix-1
OK — cambios-devoluciones.html: recurso local js/core/auth/proteccion-sesion.js?v=tintin-20260726-session-guard-1
OK — cambios-devoluciones.html: recurso local js/core/auth/insignia-edicion.js?v=tintin-20260716-cloudinary-fix-1
OK — cambios-devoluciones.html: recurso local js/components/color/esquema-color.js?v=tintin-20260716-cloudinary-fix-1
OK — cambios-devoluciones.html: recurso local js/visual-builder-bootstrap.js?v=tintin-20260814-visual-studio-v2-4
OK — catalogo.html: recurso local js/components/color/esquema-color-instantaneo.js?v=tintin-20260810-fast-nav-2
OK — catalogo.html: recurso local js/cargador-pagina.js?v=tintin-20260812-apariencia-seleccion-1
OK — catalogo.html: recurso local js/components/navigation/compatibilidad/inicio-control-paneles.js?v=tintin-20260811-cls-desktop-stable-2
OK — catalogo.html: recurso local js/inicio-navegacion-publica.js?v=tintin-20260814-social-notifications-1
OK — catalogo.html: recurso local favicon.ico
OK — catalogo.html: recurso local favicon-32x32.png
OK — catalogo.html: recurso local favicon-16x16.png
OK — catalogo.html: recurso local apple-touch-icon.png
OK — catalogo.html: recurso local manifest.json
OK — catalogo.html: recurso local assets-tintin/fonts/montserrat-latin-wght-normal.woff2
OK — catalogo.html: recurso local assets-tintin/fonts/montserrat-latin-wght-italic.woff2
OK — catalogo.html: recurso local js/core/firebase/firebase.js?v=tintin-20260730-appcheck-stable-4
OK — catalogo.html: recurso local js/core/store-gate/control-tienda.js?v=tintin-20260809-loader-lifecycle-fix-1
OK — catalogo.html: recurso local js/core/store-gate/nucleo-control-tienda.js?v=tintin-20260730-appcheck-stable-4
OK — catalogo.html: recurso local js/components/navigation/entrada-navegacion-publica.js?v=tintin-20260814-social-notifications-1
OK — catalogo.html: recurso local css/components/navigation/escritorio/encabezado-escritorio.css?v=tintin-20260811-cls-header-reserve-1
OK — catalogo.html: recurso local css/components/navigation/tableta/encabezado-tableta.css?v=tintin-20260811-cls-header-reserve-1
OK — catalogo.html: recurso local css/components/navigation/movil/encabezado-movil.css?v=tintin-20260811-cls-header-reserve-1
OK — catalogo.html: recurso local css/components/navigation/compartido/transiciones-navegacion.css?v=tintin-20260811-cls-header-reserve-1
OK — catalogo.html: recurso local css/components/navigation/compartido/paneles.css?v=tintin-20260811-cls-header-reserve-1
OK — catalogo.html: recurso local css/components/navigation/compartido/busqueda.css?v=tintin-20260811-cls-header-reserve-1
OK — catalogo.html: recurso local css/core/montserrat.css?v=tintin-20260811-cls-desktop-stable-2
OK — catalogo.html: recurso local css/theme/superficies-solidas-interfaz.css?v=tintin-20260811-cls-desktop-stable-2
OK — catalogo.html: recurso local css/components/navigation/movil/fondos-solidos-movil.css?v=tintin-20260811-cls-desktop-stable-2
OK — catalogo.html: recurso local css/theme/fondo-solido-cargador.css?v=tintin-20260811-cls-desktop-stable-2
OK — catalogo.html: recurso local css/core/tokens-color.css?v=tintin-20260811-cls-desktop-stable-2
OK — catalogo.html: recurso local styles.css?v=tintin-20260811-cls-desktop-stable-2
OK — catalogo.html: recurso local css/quality/ajuste-global.css?v=tintin-20260811-cls-desktop-stable-2
OK — catalogo.html: recurso local css/quality/estados-especiales-sistema.css?v=tintin-20260811-cls-desktop-stable-2
OK — catalogo.html: recurso local css/quality/calidad-interfaz.css?v=tintin-20260811-cls-desktop-stable-2
OK — catalogo.html: recurso local css/core/tema-unificado-tintin.css?v=tintin-20260811-cls-desktop-stable-2
OK — catalogo.html: recurso local css/core/limpieza-tema-tintin.css?v=tintin-20260811-cls-desktop-stable-2
OK — catalogo.html: recurso local css/theme/paridad-segura-tintin.css?v=tintin-20260811-cls-desktop-stable-2
OK — catalogo.html: recurso local css/quality/movimiento.css?v=tintin-20260811-cls-desktop-stable-2
OK — catalogo.html: recurso local css/quality/contraste.css?v=tintin-20260811-cls-desktop-stable-2
OK — catalogo.html: recurso local assets-tintin/images/general/logo.png?v=tintin-20260716-cloudinary-fix-1
OK — catalogo.html: recurso local tienda.js?v=tintin-20260813-products-unified-1
OK — catalogo.html: recurso local js/core/auth/insignia-edicion.js?v=tintin-20260716-cloudinary-fix-1
OK — catalogo.html: recurso local js/components/contact/whatsapp.js?v=tintin-20260716-cloudinary-fix-1
OK — catalogo.html: recurso local js/components/reviews/valoraciones-catalogo.js?v=tintin-20260813-reviews-1
OK — catalogo.html: recurso local js/analytics/analitica.js?v=tintin-20260716-cloudinary-fix-1
OK — catalogo.html: recurso local js/core/auth/proteccion-sesion.js?v=tintin-20260726-session-guard-1
OK — catalogo.html: recurso local js/components/color/esquema-color.js?v=tintin-20260716-cloudinary-fix-1
OK — catalogo.html: recurso local js/visual-builder-bootstrap.js?v=tintin-20260814-visual-studio-v2-4
OK — checkout.html: recurso local js/components/color/esquema-color-instantaneo.js?v=tintin-20260810-fast-nav-2
OK — checkout.html: recurso local js/cargador-pagina.js?v=tintin-20260812-apariencia-seleccion-1
OK — checkout.html: recurso local js/components/navigation/compatibilidad/inicio-control-paneles.js?v=tintin-20260811-cls-desktop-stable-2
OK — checkout.html: recurso local js/inicio-navegacion-publica.js?v=tintin-20260814-social-notifications-1
OK — checkout.html: recurso local favicon.ico
OK — checkout.html: recurso local favicon-32x32.png
OK — checkout.html: recurso local favicon-16x16.png
OK — checkout.html: recurso local apple-touch-icon.png
OK — checkout.html: recurso local manifest.json
OK — checkout.html: recurso local assets-tintin/fonts/montserrat-latin-wght-normal.woff2
OK — checkout.html: recurso local assets-tintin/fonts/montserrat-latin-wght-italic.woff2
OK — checkout.html: recurso local js/core/firebase/firebase.js?v=tintin-20260730-appcheck-stable-4
OK — checkout.html: recurso local js/core/store-gate/control-tienda.js?v=tintin-20260809-loader-lifecycle-fix-1
OK — checkout.html: recurso local js/core/store-gate/nucleo-control-tienda.js?v=tintin-20260730-appcheck-stable-4
OK — checkout.html: recurso local js/components/navigation/entrada-navegacion-publica.js?v=tintin-20260814-social-notifications-1
OK — checkout.html: recurso local css/components/navigation/escritorio/encabezado-escritorio.css?v=tintin-20260811-cls-header-reserve-1
OK — checkout.html: recurso local css/components/navigation/tableta/encabezado-tableta.css?v=tintin-20260811-cls-header-reserve-1
OK — checkout.html: recurso local css/components/navigation/movil/encabezado-movil.css?v=tintin-20260811-cls-header-reserve-1
OK — checkout.html: recurso local css/components/navigation/compartido/transiciones-navegacion.css?v=tintin-20260811-cls-header-reserve-1
OK — checkout.html: recurso local css/components/navigation/compartido/paneles.css?v=tintin-20260811-cls-header-reserve-1
OK — checkout.html: recurso local css/components/navigation/compartido/busqueda.css?v=tintin-20260811-cls-header-reserve-1
OK — checkout.html: recurso local css/core/montserrat.css?v=tintin-20260811-cls-desktop-stable-2
OK — checkout.html: recurso local css/core/tokens-tintin.css?v=tintin-20260811-cls-desktop-stable-2
OK — checkout.html: recurso local css/theme/superficies-solidas-interfaz.css?v=tintin-20260811-cls-desktop-stable-2
OK — checkout.html: recurso local css/components/navigation/movil/fondos-solidos-movil.css?v=tintin-20260811-cls-desktop-stable-2
OK — checkout.html: recurso local css/theme/fondo-solido-cargador.css?v=tintin-20260811-cls-desktop-stable-2
OK — checkout.html: recurso local css/core/tokens-color.css?v=tintin-20260811-cls-desktop-stable-2
OK — checkout.html: recurso local styles.css?v=tintin-20260811-cls-desktop-stable-2
OK — checkout.html: recurso local css/pages/checkout/checkout.css?v=tintin-20260811-cls-desktop-stable-2
OK — checkout.html: recurso local css/quality/ajuste-global.css?v=tintin-20260811-cls-desktop-stable-2
OK — checkout.html: recurso local css/quality/estados-especiales-sistema.css?v=tintin-20260811-cls-desktop-stable-2
OK — checkout.html: recurso local css/quality/calidad-interfaz.css?v=tintin-20260811-cls-desktop-stable-2
OK — checkout.html: recurso local css/core/tema-unificado-tintin.css?v=tintin-20260811-cls-desktop-stable-2
OK — checkout.html: recurso local css/core/limpieza-tema-tintin.css?v=tintin-20260811-cls-desktop-stable-2
OK — checkout.html: recurso local css/theme/paridad-segura-tintin.css?v=tintin-20260811-cls-desktop-stable-2
OK — checkout.html: recurso local css/quality/movimiento.css?v=tintin-20260811-cls-desktop-stable-2
OK — checkout.html: recurso local css/quality/contraste.css?v=tintin-20260811-cls-desktop-stable-2
OK — checkout.html: recurso local js/analytics/analitica.js?v=tintin-20260716-cloudinary-fix-1
OK — checkout.html: recurso local js/core/auth/proteccion-sesion.js?v=tintin-20260726-session-guard-1
OK — checkout.html: recurso local tienda.js?v=tintin-20260813-products-unified-1
OK — checkout.html: recurso local js/components/color/esquema-color.js?v=tintin-20260716-cloudinary-fix-1
OK — collections.html: recurso local js/components/color/esquema-color-instantaneo.js?v=tintin-20260810-fast-nav-2
OK — collections.html: recurso local js/cargador-pagina.js?v=tintin-20260812-apariencia-seleccion-1
OK — collections.html: recurso local js/components/navigation/compatibilidad/inicio-control-paneles.js?v=tintin-20260811-cls-desktop-stable-2
OK — collections.html: recurso local js/inicio-navegacion-publica.js?v=tintin-20260814-social-notifications-1
OK — collections.html: recurso local favicon.ico
OK — collections.html: recurso local favicon-32x32.png
OK — collections.html: recurso local favicon-16x16.png
OK — collections.html: recurso local apple-touch-icon.png
OK — collections.html: recurso local manifest.json
OK — collections.html: recurso local assets-tintin/fonts/montserrat-latin-wght-normal.woff2
OK — collections.html: recurso local assets-tintin/fonts/montserrat-latin-wght-italic.woff2
OK — collections.html: recurso local js/core/firebase/firebase.js?v=tintin-20260730-appcheck-stable-4
OK — collections.html: recurso local js/core/store-gate/control-tienda.js?v=tintin-20260809-loader-lifecycle-fix-1
OK — collections.html: recurso local js/core/store-gate/nucleo-control-tienda.js?v=tintin-20260730-appcheck-stable-4
OK — collections.html: recurso local js/components/navigation/entrada-navegacion-publica.js?v=tintin-20260814-social-notifications-1
OK — collections.html: recurso local css/components/navigation/escritorio/encabezado-escritorio.css?v=tintin-20260811-cls-header-reserve-1
OK — collections.html: recurso local css/components/navigation/tableta/encabezado-tableta.css?v=tintin-20260811-cls-header-reserve-1
OK — collections.html: recurso local css/components/navigation/movil/encabezado-movil.css?v=tintin-20260811-cls-header-reserve-1
OK — collections.html: recurso local css/components/navigation/compartido/transiciones-navegacion.css?v=tintin-20260811-cls-header-reserve-1
OK — collections.html: recurso local css/components/navigation/compartido/paneles.css?v=tintin-20260811-cls-header-reserve-1
OK — collections.html: recurso local css/components/navigation/compartido/busqueda.css?v=tintin-20260811-cls-header-reserve-1
OK — collections.html: recurso local css/core/montserrat.css?v=tintin-20260811-cls-desktop-stable-2
OK — collections.html: recurso local css/theme/superficies-solidas-interfaz.css?v=tintin-20260811-cls-desktop-stable-2
OK — collections.html: recurso local css/components/navigation/movil/fondos-solidos-movil.css?v=tintin-20260811-cls-desktop-stable-2
OK — collections.html: recurso local css/theme/fondo-solido-cargador.css?v=tintin-20260811-cls-desktop-stable-2
OK — collections.html: recurso local css/core/tokens-color.css?v=tintin-20260811-cls-desktop-stable-2
OK — collections.html: recurso local styles.css?v=tintin-20260811-cls-desktop-stable-2
OK — collections.html: recurso local css/quality/ajuste-global.css?v=tintin-20260811-cls-desktop-stable-2
OK — collections.html: recurso local css/quality/estados-especiales-sistema.css?v=tintin-20260811-cls-desktop-stable-2
OK — collections.html: recurso local css/quality/calidad-interfaz.css?v=tintin-20260811-cls-desktop-stable-2
OK — collections.html: recurso local css/core/tema-unificado-tintin.css?v=tintin-20260811-cls-desktop-stable-2
OK — collections.html: recurso local css/core/limpieza-tema-tintin.css?v=tintin-20260811-cls-desktop-stable-2
OK — collections.html: recurso local css/theme/paridad-segura-tintin.css?v=tintin-20260811-cls-desktop-stable-2
OK — collections.html: recurso local css/pages/collections/collections-page.css?v=tintin-20260811-cls-desktop-stable-2
OK — collections.html: recurso local css/quality/movimiento.css?v=tintin-20260811-cls-desktop-stable-2
OK — collections.html: recurso local css/quality/contraste.css?v=tintin-20260811-cls-desktop-stable-2
OK — collections.html: recurso local assets-tintin/images/general/logo.png?v=tintin-20260715-15
OK — collections.html: recurso local tienda.js?v=tintin-20260813-products-unified-1
OK — collections.html: recurso local js/pages/collections/pagina-colecciones.js?v=tintin-20260811-phonefix-pagina-colecciones-1
OK — collections.html: recurso local js/components/contact/whatsapp.js?v=tintin-20260716-cloudinary-fix-1
OK — collections.html: recurso local js/analytics/analitica.js?v=tintin-20260716-cloudinary-fix-1
OK — collections.html: recurso local js/core/auth/proteccion-sesion.js?v=tintin-20260726-session-guard-1
OK — collections.html: recurso local js/core/auth/insignia-edicion.js?v=tintin-20260716-cloudinary-fix-1
OK — collections.html: recurso local js/components/color/esquema-color.js?v=tintin-20260716-cloudinary-fix-1
OK — collections.html: recurso local js/visual-builder-bootstrap.js?v=tintin-20260814-visual-studio-v2-4
OK — contact.html: recurso local js/components/color/esquema-color-instantaneo.js?v=tintin-20260810-fast-nav-2
OK — contact.html: recurso local js/cargador-pagina.js?v=tintin-20260812-apariencia-seleccion-1
OK — contact.html: recurso local js/components/navigation/compatibilidad/inicio-control-paneles.js?v=tintin-20260811-cls-desktop-stable-2
OK — contact.html: recurso local js/inicio-navegacion-publica.js?v=tintin-20260814-social-notifications-1
OK — contact.html: recurso local favicon.ico
OK — contact.html: recurso local favicon-32x32.png
OK — contact.html: recurso local favicon-16x16.png
OK — contact.html: recurso local apple-touch-icon.png
OK — contact.html: recurso local manifest.json
OK — contact.html: recurso local assets-tintin/fonts/montserrat-latin-wght-normal.woff2
OK — contact.html: recurso local assets-tintin/fonts/montserrat-latin-wght-italic.woff2
OK — contact.html: recurso local js/core/firebase/firebase.js?v=tintin-20260730-appcheck-stable-4
OK — contact.html: recurso local js/core/store-gate/control-tienda.js?v=tintin-20260809-loader-lifecycle-fix-1
OK — contact.html: recurso local js/core/store-gate/nucleo-control-tienda.js?v=tintin-20260730-appcheck-stable-4
OK — contact.html: recurso local js/components/navigation/entrada-navegacion-publica.js?v=tintin-20260814-social-notifications-1
OK — contact.html: recurso local css/components/navigation/escritorio/encabezado-escritorio.css?v=tintin-20260811-cls-header-reserve-1
OK — contact.html: recurso local css/components/navigation/tableta/encabezado-tableta.css?v=tintin-20260811-cls-header-reserve-1
OK — contact.html: recurso local css/components/navigation/movil/encabezado-movil.css?v=tintin-20260811-cls-header-reserve-1
OK — contact.html: recurso local css/components/navigation/compartido/transiciones-navegacion.css?v=tintin-20260811-cls-header-reserve-1
OK — contact.html: recurso local css/components/navigation/compartido/paneles.css?v=tintin-20260811-cls-header-reserve-1
OK — contact.html: recurso local css/components/navigation/compartido/busqueda.css?v=tintin-20260811-cls-header-reserve-1
OK — contact.html: recurso local css/core/montserrat.css?v=tintin-20260811-cls-desktop-stable-2
OK — contact.html: recurso local css/theme/superficies-solidas-interfaz.css?v=tintin-20260811-cls-desktop-stable-2
OK — contact.html: recurso local css/components/navigation/movil/fondos-solidos-movil.css?v=tintin-20260811-cls-desktop-stable-2
OK — contact.html: recurso local css/theme/fondo-solido-cargador.css?v=tintin-20260811-cls-desktop-stable-2
OK — contact.html: recurso local css/core/tokens-color.css?v=tintin-20260811-cls-desktop-stable-2
OK — contact.html: recurso local styles.css?v=tintin-20260811-cls-desktop-stable-2
OK — contact.html: recurso local css/quality/ajuste-global.css?v=tintin-20260811-cls-desktop-stable-2
OK — contact.html: recurso local css/quality/estados-especiales-sistema.css?v=tintin-20260811-cls-desktop-stable-2
OK — contact.html: recurso local css/quality/calidad-interfaz.css?v=tintin-20260811-cls-desktop-stable-2
OK — contact.html: recurso local css/core/tema-unificado-tintin.css?v=tintin-20260811-cls-desktop-stable-2
OK — contact.html: recurso local css/core/limpieza-tema-tintin.css?v=tintin-20260811-cls-desktop-stable-2
OK — contact.html: recurso local css/theme/paridad-segura-tintin.css?v=tintin-20260811-cls-desktop-stable-2
OK — contact.html: recurso local css/quality/movimiento.css?v=tintin-20260811-cls-desktop-stable-2
OK — contact.html: recurso local css/quality/contraste.css?v=tintin-20260811-cls-desktop-stable-2
OK — contact.html: recurso local assets-tintin/images/general/logo.png?v=tintin-20260715-15
OK — contact.html: recurso local tienda.js?v=tintin-20260813-products-unified-1
OK — contact.html: recurso local js/components/contact/whatsapp.js?v=tintin-20260716-cloudinary-fix-1
OK — contact.html: recurso local js/analytics/analitica.js?v=tintin-20260716-cloudinary-fix-1
OK — contact.html: recurso local js/core/auth/proteccion-sesion.js?v=tintin-20260726-session-guard-1
OK — contact.html: recurso local js/core/auth/insignia-edicion.js?v=tintin-20260716-cloudinary-fix-1
OK — contact.html: recurso local js/components/color/esquema-color.js?v=tintin-20260716-cloudinary-fix-1
OK — contact.html: recurso local js/visual-builder-bootstrap.js?v=tintin-20260814-visual-studio-v2-4
OK — envios.html: recurso local js/components/color/esquema-color-instantaneo.js?v=tintin-20260810-fast-nav-2
OK — envios.html: recurso local js/cargador-pagina.js?v=tintin-20260812-apariencia-seleccion-1
OK — envios.html: recurso local js/components/navigation/compatibilidad/inicio-control-paneles.js?v=tintin-20260811-cls-desktop-stable-2
OK — envios.html: recurso local js/inicio-navegacion-publica.js?v=tintin-20260814-social-notifications-1
OK — envios.html: recurso local favicon.ico
OK — envios.html: recurso local favicon-32x32.png
OK — envios.html: recurso local favicon-16x16.png
OK — envios.html: recurso local apple-touch-icon.png
OK — envios.html: recurso local manifest.json
OK — envios.html: recurso local assets-tintin/fonts/montserrat-latin-wght-normal.woff2
OK — envios.html: recurso local assets-tintin/fonts/montserrat-latin-wght-italic.woff2
OK — envios.html: recurso local js/core/firebase/firebase.js?v=tintin-20260730-appcheck-stable-4
OK — envios.html: recurso local js/core/store-gate/control-tienda.js?v=tintin-20260809-loader-lifecycle-fix-1
OK — envios.html: recurso local js/core/store-gate/nucleo-control-tienda.js?v=tintin-20260730-appcheck-stable-4
OK — envios.html: recurso local js/components/navigation/entrada-navegacion-publica.js?v=tintin-20260814-social-notifications-1
OK — envios.html: recurso local css/components/navigation/escritorio/encabezado-escritorio.css?v=tintin-20260811-cls-header-reserve-1
OK — envios.html: recurso local css/components/navigation/tableta/encabezado-tableta.css?v=tintin-20260811-cls-header-reserve-1
OK — envios.html: recurso local css/components/navigation/movil/encabezado-movil.css?v=tintin-20260811-cls-header-reserve-1
OK — envios.html: recurso local css/components/navigation/compartido/transiciones-navegacion.css?v=tintin-20260811-cls-header-reserve-1
OK — envios.html: recurso local css/components/navigation/compartido/paneles.css?v=tintin-20260811-cls-header-reserve-1
OK — envios.html: recurso local css/components/navigation/compartido/busqueda.css?v=tintin-20260811-cls-header-reserve-1
OK — envios.html: recurso local css/core/montserrat.css?v=tintin-20260811-cls-desktop-stable-2
OK — envios.html: recurso local css/theme/superficies-solidas-interfaz.css?v=tintin-20260811-cls-desktop-stable-2
OK — envios.html: recurso local css/components/navigation/movil/fondos-solidos-movil.css?v=tintin-20260811-cls-desktop-stable-2
OK — envios.html: recurso local css/theme/fondo-solido-cargador.css?v=tintin-20260811-cls-desktop-stable-2
OK — envios.html: recurso local css/core/tokens-color.css?v=tintin-20260811-cls-desktop-stable-2
OK — envios.html: recurso local styles.css?v=tintin-20260811-cls-desktop-stable-2
OK — envios.html: recurso local css/quality/ajuste-global.css?v=tintin-20260811-cls-desktop-stable-2
OK — envios.html: recurso local css/quality/estados-especiales-sistema.css?v=tintin-20260811-cls-desktop-stable-2
OK — envios.html: recurso local css/quality/calidad-interfaz.css?v=tintin-20260811-cls-desktop-stable-2
OK — envios.html: recurso local css/core/tema-unificado-tintin.css?v=tintin-20260811-cls-desktop-stable-2
OK — envios.html: recurso local css/core/limpieza-tema-tintin.css?v=tintin-20260811-cls-desktop-stable-2
OK — envios.html: recurso local css/theme/paridad-segura-tintin.css?v=tintin-20260811-cls-desktop-stable-2
OK — envios.html: recurso local css/quality/movimiento.css?v=tintin-20260811-cls-desktop-stable-2
OK — envios.html: recurso local css/quality/contraste.css?v=tintin-20260811-cls-desktop-stable-2
OK — envios.html: recurso local assets-tintin/images/general/logo.png?v=tintin-20260715-15
OK — envios.html: recurso local tienda.js?v=tintin-20260813-products-unified-1
OK — envios.html: recurso local js/components/contact/whatsapp.js?v=tintin-20260716-cloudinary-fix-1
OK — envios.html: recurso local js/analytics/analitica.js?v=tintin-20260716-cloudinary-fix-1
OK — envios.html: recurso local js/core/auth/proteccion-sesion.js?v=tintin-20260726-session-guard-1
OK — envios.html: recurso local js/core/auth/insignia-edicion.js?v=tintin-20260716-cloudinary-fix-1
OK — envios.html: recurso local js/components/color/esquema-color.js?v=tintin-20260716-cloudinary-fix-1
OK — envios.html: recurso local js/visual-builder-bootstrap.js?v=tintin-20260814-visual-studio-v2-4
OK — index.html: recurso local js/components/color/esquema-color-instantaneo.js?v=tintin-20260810-fast-nav-2
OK — index.html: recurso local js/cargador-pagina.js?v=tintin-20260812-apariencia-seleccion-1
OK — index.html: recurso local js/components/navigation/compatibilidad/inicio-control-paneles.js?v=tintin-20260811-cls-desktop-stable-2
OK — index.html: recurso local js/inicio-navegacion-publica.js?v=tintin-20260814-social-notifications-1
OK — index.html: recurso local favicon.ico
OK — index.html: recurso local favicon-32x32.png
OK — index.html: recurso local favicon-16x16.png
OK — index.html: recurso local apple-touch-icon.png
OK — index.html: recurso local manifest.json
OK — index.html: recurso local assets-tintin/fonts/montserrat-latin-wght-normal.woff2
OK — index.html: recurso local assets-tintin/fonts/montserrat-latin-wght-italic.woff2
OK — index.html: recurso local js/core/firebase/firebase.js?v=tintin-20260730-appcheck-stable-4
OK — index.html: recurso local js/core/store-gate/control-tienda.js?v=tintin-20260809-loader-lifecycle-fix-1
OK — index.html: recurso local js/core/store-gate/nucleo-control-tienda.js?v=tintin-20260730-appcheck-stable-4
OK — index.html: recurso local js/components/navigation/entrada-navegacion-publica.js?v=tintin-20260814-social-notifications-1
OK — index.html: recurso local css/components/navigation/escritorio/encabezado-escritorio.css?v=tintin-20260811-cls-header-reserve-1
OK — index.html: recurso local css/components/navigation/tableta/encabezado-tableta.css?v=tintin-20260811-cls-header-reserve-1
OK — index.html: recurso local css/components/navigation/movil/encabezado-movil.css?v=tintin-20260811-cls-header-reserve-1
OK — index.html: recurso local css/components/navigation/compartido/transiciones-navegacion.css?v=tintin-20260811-cls-header-reserve-1
OK — index.html: recurso local css/components/navigation/compartido/paneles.css?v=tintin-20260811-cls-header-reserve-1
OK — index.html: recurso local css/components/navigation/compartido/busqueda.css?v=tintin-20260811-cls-header-reserve-1
OK — index.html: recurso local css/core/montserrat.css?v=tintin-20260811-cls-desktop-stable-2
OK — index.html: recurso local css/theme/superficies-solidas-interfaz.css?v=tintin-20260811-cls-desktop-stable-2
OK — index.html: recurso local css/components/navigation/movil/fondos-solidos-movil.css?v=tintin-20260811-cls-desktop-stable-2
OK — index.html: recurso local css/theme/fondo-solido-cargador.css?v=tintin-20260811-cls-desktop-stable-2
OK — index.html: recurso local css/core/tokens-color.css?v=tintin-20260811-cls-desktop-stable-2
OK — index.html: recurso local styles.css?v=tintin-20260811-cls-desktop-stable-2
OK — index.html: recurso local css/quality/ajuste-global.css?v=tintin-20260811-cls-desktop-stable-2
OK — index.html: recurso local css/quality/estados-especiales-sistema.css?v=tintin-20260811-cls-desktop-stable-2
OK — index.html: recurso local css/quality/calidad-interfaz.css?v=tintin-20260811-cls-desktop-stable-2
OK — index.html: recurso local css/core/tema-unificado-tintin.css?v=tintin-20260811-cls-desktop-stable-2
OK — index.html: recurso local css/core/limpieza-tema-tintin.css?v=tintin-20260811-cls-desktop-stable-2
OK — index.html: recurso local css/theme/paridad-segura-tintin.css?v=tintin-20260811-cls-desktop-stable-2
OK — index.html: recurso local css/pages/home/ajuste-inicio.css?v=tintin-20260811-cls-desktop-stable-2
OK — index.html: recurso local css/pages/home/hero-apple-inicio.css?v=tintin-20260811-cls-desktop-stable-2
OK — index.html: recurso local css/quality/movimiento.css?v=tintin-20260811-cls-desktop-stable-2
OK — index.html: recurso local css/quality/contraste.css?v=tintin-20260811-cls-desktop-stable-2
OK — index.html: recurso local assets-tintin/images/home/editorial-bolsos/editorial-bolsos-desktop.webp
OK — index.html: recurso local assets-tintin/images/collections/col-bags.webp
OK — index.html: recurso local assets-tintin/images/collections/col-collares.webp
OK — index.html: recurso local assets-tintin/images/collections/col-earcuff.webp
OK — index.html: recurso local assets-tintin/images/collections/col-gafas.webp
OK — index.html: recurso local assets-tintin/images/collections/col-brazaletes.webp
OK — index.html: recurso local assets-tintin/images/collections/col-aros.webp
OK — index.html: recurso local assets-tintin/images/collections/col-armcuff.webp
OK — index.html: recurso local assets-tintin/images/collections/col-anillos.webp
OK — index.html: recurso local assets-tintin/images/collections/col-joyeros.webp
OK — index.html: recurso local assets-tintin/images/collections/col-pulseras.webp
OK — index.html: recurso local assets-tintin/images/collections/col-relojes.webp
OK — index.html: recurso local assets-tintin/images/collections/col-tobilleras.webp
OK — index.html: recurso local assets-tintin/images/home/editorial-relojes/editorial-relojes-desktop.webp
OK — index.html: recurso local assets-tintin/images/general/logo.png?v=tintin-20260715-15
OK — index.html: recurso local tienda.js?v=tintin-20260813-products-unified-1
OK — index.html: recurso local js/components/contact/whatsapp.js?v=tintin-20260716-cloudinary-fix-1
OK — index.html: recurso local js/components/reviews/valoraciones-catalogo.js?v=tintin-20260813-reviews-1
OK — index.html: recurso local js/analytics/analitica.js?v=tintin-20260716-cloudinary-fix-1
OK — index.html: recurso local js/core/auth/proteccion-sesion.js?v=tintin-20260726-session-guard-1
OK — index.html: recurso local js/components/images/inicio-carga-imagenes.js?v=tintin-20260716-cloudinary-fix-1
OK — index.html: recurso local js/core/auth/insignia-edicion.js?v=tintin-20260716-cloudinary-fix-1
OK — index.html: recurso local js/visual-builder-bootstrap.js?v=tintin-20260814-visual-studio-v2-4
OK — index.html: recurso local js/components/color/esquema-color.js?v=tintin-20260716-cloudinary-fix-1
OK — login.html: recurso local js/components/color/esquema-color-instantaneo.js?v=tintin-20260810-fast-nav-2
OK — login.html: recurso local js/cargador-pagina.js?v=tintin-20260812-apariencia-seleccion-1
OK — login.html: recurso local js/components/navigation/compatibilidad/inicio-control-paneles.js?v=tintin-20260811-cls-desktop-stable-2
OK — login.html: recurso local js/inicio-navegacion-publica.js?v=tintin-20260814-social-notifications-1
OK — login.html: recurso local favicon.ico
OK — login.html: recurso local favicon-32x32.png
OK — login.html: recurso local favicon-16x16.png
OK — login.html: recurso local apple-touch-icon.png
OK — login.html: recurso local manifest.json
OK — login.html: recurso local assets-tintin/fonts/montserrat-latin-wght-normal.woff2
OK — login.html: recurso local assets-tintin/fonts/montserrat-latin-wght-italic.woff2
OK — login.html: recurso local js/core/firebase/firebase.js?v=tintin-20260730-appcheck-stable-4
OK — login.html: recurso local js/components/navigation/entrada-navegacion-publica.js?v=tintin-20260814-social-notifications-1
OK — login.html: recurso local css/components/navigation/escritorio/encabezado-escritorio.css?v=tintin-20260811-cls-header-reserve-1
OK — login.html: recurso local css/components/navigation/tableta/encabezado-tableta.css?v=tintin-20260811-cls-header-reserve-1
OK — login.html: recurso local css/components/navigation/movil/encabezado-movil.css?v=tintin-20260811-cls-header-reserve-1
OK — login.html: recurso local css/components/navigation/compartido/transiciones-navegacion.css?v=tintin-20260811-cls-header-reserve-1
OK — login.html: recurso local css/components/navigation/compartido/paneles.css?v=tintin-20260811-cls-header-reserve-1
OK — login.html: recurso local css/components/navigation/compartido/busqueda.css?v=tintin-20260811-cls-header-reserve-1
OK — login.html: recurso local css/core/montserrat.css?v=tintin-20260811-cls-desktop-stable-2
OK — login.html: recurso local css/core/tokens-tintin.css?v=tintin-20260811-cls-desktop-stable-2
OK — login.html: recurso local css/theme/superficies-solidas-interfaz.css?v=tintin-20260811-cls-desktop-stable-2
OK — login.html: recurso local css/components/navigation/movil/fondos-solidos-movil.css?v=tintin-20260811-cls-desktop-stable-2
OK — login.html: recurso local css/theme/fondo-solido-cargador.css?v=tintin-20260811-cls-desktop-stable-2
OK — login.html: recurso local css/core/tokens-color.css?v=tintin-20260811-cls-desktop-stable-2
OK — login.html: recurso local styles.css?v=tintin-20260811-cls-desktop-stable-2
OK — login.html: recurso local css/quality/ajuste-global.css?v=tintin-20260811-cls-desktop-stable-2
OK — login.html: recurso local css/quality/estados-especiales-sistema.css?v=tintin-20260811-cls-desktop-stable-2
OK — login.html: recurso local css/quality/calidad-interfaz.css?v=tintin-20260811-cls-desktop-stable-2
OK — login.html: recurso local css/core/tema-unificado-tintin.css?v=tintin-20260811-cls-desktop-stable-2
OK — login.html: recurso local css/core/limpieza-tema-tintin.css?v=tintin-20260811-cls-desktop-stable-2
OK — login.html: recurso local css/theme/paridad-segura-tintin.css?v=tintin-20260811-cls-desktop-stable-2
OK — login.html: recurso local css/pages/login/login.css?v=tintin-20260811-cls-desktop-stable-2
OK — login.html: recurso local css/components/location/selector-ubicacion.css?v=tintin-20260811-cls-desktop-stable-2
OK — login.html: recurso local css/pages/login/login-maintenance.css?v=tintin-20260811-cls-desktop-stable-2
OK — login.html: recurso local css/quality/movimiento.css?v=tintin-20260811-cls-desktop-stable-2
OK — login.html: recurso local css/quality/contraste.css?v=tintin-20260811-cls-desktop-stable-2
OK — login.html: recurso local js/analytics/analitica.js?v=tintin-20260716-cloudinary-fix-1
OK — login.html: recurso local tienda.js?v=tintin-20260813-products-unified-1
OK — login.html: recurso local js/components/color/esquema-color.js?v=tintin-20260716-cloudinary-fix-1
OK — nosotros.html: recurso local favicon.ico
OK — nosotros.html: recurso local favicon-32x32.png
OK — nosotros.html: recurso local favicon-16x16.png
OK — nosotros.html: recurso local apple-touch-icon.png
OK — nosotros.html: recurso local manifest.json
OK — nosotros.html: recurso local assets-tintin/fonts/montserrat-latin-wght-normal.woff2
OK — nosotros.html: recurso local assets-tintin/fonts/montserrat-latin-wght-italic.woff2
OK — nosotros.html: recurso local css/core/montserrat.css?v=tintin-20260811-cls-desktop-stable-2
OK — nosotros.html: recurso local css/quality/ajuste-global.css?v=tintin-20260811-cls-desktop-stable-2
OK — nosotros.html: recurso local css/quality/movimiento.css?v=tintin-20260811-cls-desktop-stable-2
OK — nosotros.html: recurso local css/quality/contraste.css?v=tintin-20260811-cls-desktop-stable-2
OK — nosotros.html: recurso local js/cargador-pagina.js?v=tintin-20260812-apariencia-seleccion-1
OK — perfil.html: recurso local js/components/color/esquema-color-instantaneo.js?v=tintin-20260810-fast-nav-2
OK — perfil.html: recurso local js/cargador-pagina.js?v=tintin-20260812-apariencia-seleccion-1
OK — perfil.html: recurso local js/components/navigation/compatibilidad/inicio-control-paneles.js?v=tintin-20260811-cls-desktop-stable-2
OK — perfil.html: recurso local js/inicio-navegacion-publica.js?v=tintin-20260814-social-notifications-1
OK — perfil.html: recurso local favicon.ico
OK — perfil.html: recurso local favicon-32x32.png
OK — perfil.html: recurso local favicon-16x16.png
OK — perfil.html: recurso local apple-touch-icon.png
OK — perfil.html: recurso local manifest.json
OK — perfil.html: recurso local js/core/firebase/firebase.js?v=tintin-20260730-appcheck-stable-4
OK — perfil.html: recurso local js/core/store-gate/control-tienda.js?v=tintin-20260809-loader-lifecycle-fix-1
OK — perfil.html: recurso local js/core/store-gate/nucleo-control-tienda.js?v=tintin-20260730-appcheck-stable-4
OK — perfil.html: recurso local js/components/navigation/entrada-navegacion-publica.js?v=tintin-20260814-social-notifications-1
OK — perfil.html: recurso local css/components/navigation/escritorio/encabezado-escritorio.css?v=tintin-20260811-cls-header-reserve-1
OK — perfil.html: recurso local css/components/navigation/tableta/encabezado-tableta.css?v=tintin-20260811-cls-header-reserve-1
OK — perfil.html: recurso local css/components/navigation/movil/encabezado-movil.css?v=tintin-20260811-cls-header-reserve-1
OK — perfil.html: recurso local css/components/navigation/compartido/transiciones-navegacion.css?v=tintin-20260811-cls-header-reserve-1
OK — perfil.html: recurso local css/components/navigation/compartido/paneles.css?v=tintin-20260811-cls-header-reserve-1
OK — perfil.html: recurso local css/components/navigation/compartido/busqueda.css?v=tintin-20260811-cls-header-reserve-1
OK — perfil.html: recurso local css/core/montserrat.css?v=tintin-20260811-cls-desktop-stable-2
OK — perfil.html: recurso local css/theme/superficies-solidas-interfaz.css?v=tintin-20260811-cls-desktop-stable-2
OK — perfil.html: recurso local css/components/navigation/movil/fondos-solidos-movil.css?v=tintin-20260811-cls-desktop-stable-2
OK — perfil.html: recurso local css/theme/fondo-solido-cargador.css?v=tintin-20260811-cls-desktop-stable-2
OK — perfil.html: recurso local css/core/tokens-color.css?v=tintin-20260811-cls-desktop-stable-2
OK — perfil.html: recurso local styles.css?v=tintin-20260811-cls-desktop-stable-2
OK — perfil.html: recurso local css/quality/ajuste-global.css?v=tintin-20260811-cls-desktop-stable-2
OK — perfil.html: recurso local css/quality/estados-especiales-sistema.css?v=tintin-20260811-cls-desktop-stable-2
OK — perfil.html: recurso local css/quality/calidad-interfaz.css?v=tintin-20260811-cls-desktop-stable-2
OK — perfil.html: recurso local css/core/tema-unificado-tintin.css?v=tintin-20260811-cls-desktop-stable-2
OK — perfil.html: recurso local css/core/limpieza-tema-tintin.css?v=tintin-20260811-cls-desktop-stable-2
OK — perfil.html: recurso local css/theme/paridad-segura-tintin.css?v=tintin-20260811-cls-desktop-stable-2
OK — perfil.html: recurso local css/quality/movimiento.css?v=tintin-20260811-cls-desktop-stable-2
OK — perfil.html: recurso local css/components/location/selector-ubicacion.css?v=tintin-20260811-cls-desktop-stable-2
OK — perfil.html: recurso local css/quality/contraste.css?v=tintin-20260811-cls-desktop-stable-2
OK — perfil.html: recurso local tienda.js?v=tintin-20260813-products-unified-1
OK — perfil.html: recurso local js/components/contact/whatsapp.js?v=tintin-20260716-cloudinary-fix-1
OK — perfil.html: recurso local js/components/favorites/sincronizacion-favoritos.js?v=tintin-20260813-participacion-1
OK — perfil.html: recurso local js/pages/profile/favoritos-perfil.js?v=tintin-20260813-participacion-1
OK — perfil.html: recurso local js/analytics/analitica.js?v=tintin-20260716-cloudinary-fix-1
OK — perfil.html: recurso local js/core/auth/proteccion-sesion.js?v=tintin-20260726-session-guard-1
OK — perfil.html: recurso local js/components/color/esquema-color.js?v=tintin-20260716-cloudinary-fix-1
OK — preguntas-frecuentes.html: recurso local js/components/color/esquema-color-instantaneo.js?v=tintin-20260810-fast-nav-2
OK — preguntas-frecuentes.html: recurso local js/cargador-pagina.js?v=tintin-20260812-apariencia-seleccion-1
OK — preguntas-frecuentes.html: recurso local js/components/navigation/compatibilidad/inicio-control-paneles.js?v=tintin-20260811-cls-desktop-stable-2
OK — preguntas-frecuentes.html: recurso local js/inicio-navegacion-publica.js?v=tintin-20260814-social-notifications-1
OK — preguntas-frecuentes.html: recurso local favicon.ico
OK — preguntas-frecuentes.html: recurso local favicon-32x32.png
OK — preguntas-frecuentes.html: recurso local favicon-16x16.png
OK — preguntas-frecuentes.html: recurso local apple-touch-icon.png
OK — preguntas-frecuentes.html: recurso local manifest.json
OK — preguntas-frecuentes.html: recurso local assets-tintin/fonts/montserrat-latin-wght-normal.woff2
OK — preguntas-frecuentes.html: recurso local assets-tintin/fonts/montserrat-latin-wght-italic.woff2
OK — preguntas-frecuentes.html: recurso local js/core/firebase/firebase.js?v=tintin-20260730-appcheck-stable-4
OK — preguntas-frecuentes.html: recurso local js/core/store-gate/control-tienda.js?v=tintin-20260809-loader-lifecycle-fix-1
OK — preguntas-frecuentes.html: recurso local js/core/store-gate/nucleo-control-tienda.js?v=tintin-20260730-appcheck-stable-4
OK — preguntas-frecuentes.html: recurso local js/components/navigation/entrada-navegacion-publica.js?v=tintin-20260814-social-notifications-1
OK — preguntas-frecuentes.html: recurso local css/components/navigation/escritorio/encabezado-escritorio.css?v=tintin-20260811-cls-header-reserve-1
OK — preguntas-frecuentes.html: recurso local css/components/navigation/tableta/encabezado-tableta.css?v=tintin-20260811-cls-header-reserve-1
OK — preguntas-frecuentes.html: recurso local css/components/navigation/movil/encabezado-movil.css?v=tintin-20260811-cls-header-reserve-1
OK — preguntas-frecuentes.html: recurso local css/components/navigation/compartido/transiciones-navegacion.css?v=tintin-20260811-cls-header-reserve-1
OK — preguntas-frecuentes.html: recurso local css/components/navigation/compartido/paneles.css?v=tintin-20260811-cls-header-reserve-1
OK — preguntas-frecuentes.html: recurso local css/components/navigation/compartido/busqueda.css?v=tintin-20260811-cls-header-reserve-1
OK — preguntas-frecuentes.html: recurso local css/core/montserrat.css?v=tintin-20260811-cls-desktop-stable-2
OK — preguntas-frecuentes.html: recurso local css/theme/superficies-solidas-interfaz.css?v=tintin-20260811-cls-desktop-stable-2
OK — preguntas-frecuentes.html: recurso local css/components/navigation/movil/fondos-solidos-movil.css?v=tintin-20260811-cls-desktop-stable-2
OK — preguntas-frecuentes.html: recurso local css/theme/fondo-solido-cargador.css?v=tintin-20260811-cls-desktop-stable-2
OK — preguntas-frecuentes.html: recurso local css/core/tokens-color.css?v=tintin-20260811-cls-desktop-stable-2
OK — preguntas-frecuentes.html: recurso local styles.css?v=tintin-20260811-cls-desktop-stable-2
OK — preguntas-frecuentes.html: recurso local css/quality/ajuste-global.css?v=tintin-20260811-cls-desktop-stable-2
OK — preguntas-frecuentes.html: recurso local css/quality/estados-especiales-sistema.css?v=tintin-20260811-cls-desktop-stable-2
OK — preguntas-frecuentes.html: recurso local css/quality/calidad-interfaz.css?v=tintin-20260811-cls-desktop-stable-2
OK — preguntas-frecuentes.html: recurso local css/core/tema-unificado-tintin.css?v=tintin-20260811-cls-desktop-stable-2
OK — preguntas-frecuentes.html: recurso local css/core/limpieza-tema-tintin.css?v=tintin-20260811-cls-desktop-stable-2
OK — preguntas-frecuentes.html: recurso local css/theme/paridad-segura-tintin.css?v=tintin-20260811-cls-desktop-stable-2
OK — preguntas-frecuentes.html: recurso local css/quality/movimiento.css?v=tintin-20260811-cls-desktop-stable-2
OK — preguntas-frecuentes.html: recurso local css/quality/contraste.css?v=tintin-20260811-cls-desktop-stable-2
OK — preguntas-frecuentes.html: recurso local assets-tintin/images/general/logo.png?v=tintin-20260715-15
OK — preguntas-frecuentes.html: recurso local tienda.js?v=tintin-20260813-products-unified-1
OK — preguntas-frecuentes.html: recurso local js/components/contact/whatsapp.js?v=tintin-20260716-cloudinary-fix-1
OK — preguntas-frecuentes.html: recurso local js/analytics/analitica.js?v=tintin-20260716-cloudinary-fix-1
OK — preguntas-frecuentes.html: recurso local js/core/auth/proteccion-sesion.js?v=tintin-20260726-session-guard-1
OK — preguntas-frecuentes.html: recurso local js/core/auth/insignia-edicion.js?v=tintin-20260716-cloudinary-fix-1
OK — preguntas-frecuentes.html: recurso local js/components/color/esquema-color.js?v=tintin-20260716-cloudinary-fix-1
OK — preguntas-frecuentes.html: recurso local js/visual-builder-bootstrap.js?v=tintin-20260814-visual-studio-v2-4
OK — privacidad.html: recurso local js/components/color/esquema-color-instantaneo.js?v=tintin-20260810-fast-nav-2
OK — privacidad.html: recurso local js/cargador-pagina.js?v=tintin-20260812-apariencia-seleccion-1
OK — privacidad.html: recurso local js/components/navigation/compatibilidad/inicio-control-paneles.js?v=tintin-20260811-cls-desktop-stable-2
OK — privacidad.html: recurso local js/inicio-navegacion-publica.js?v=tintin-20260814-social-notifications-1
OK — privacidad.html: recurso local favicon.ico
OK — privacidad.html: recurso local favicon-32x32.png
OK — privacidad.html: recurso local favicon-16x16.png
OK — privacidad.html: recurso local apple-touch-icon.png
OK — privacidad.html: recurso local manifest.json
OK — privacidad.html: recurso local assets-tintin/fonts/montserrat-latin-wght-normal.woff2
OK — privacidad.html: recurso local assets-tintin/fonts/montserrat-latin-wght-italic.woff2
OK — privacidad.html: recurso local js/core/firebase/firebase.js?v=tintin-20260730-appcheck-stable-4
OK — privacidad.html: recurso local js/core/store-gate/control-tienda.js?v=tintin-20260809-loader-lifecycle-fix-1
OK — privacidad.html: recurso local js/core/store-gate/nucleo-control-tienda.js?v=tintin-20260730-appcheck-stable-4
OK — privacidad.html: recurso local js/components/navigation/entrada-navegacion-publica.js?v=tintin-20260814-social-notifications-1
OK — privacidad.html: recurso local css/components/navigation/escritorio/encabezado-escritorio.css?v=tintin-20260811-cls-header-reserve-1
OK — privacidad.html: recurso local css/components/navigation/tableta/encabezado-tableta.css?v=tintin-20260811-cls-header-reserve-1
OK — privacidad.html: recurso local css/components/navigation/movil/encabezado-movil.css?v=tintin-20260811-cls-header-reserve-1
OK — privacidad.html: recurso local css/components/navigation/compartido/transiciones-navegacion.css?v=tintin-20260811-cls-header-reserve-1
OK — privacidad.html: recurso local css/components/navigation/compartido/paneles.css?v=tintin-20260811-cls-header-reserve-1
OK — privacidad.html: recurso local css/components/navigation/compartido/busqueda.css?v=tintin-20260811-cls-header-reserve-1
OK — privacidad.html: recurso local css/core/montserrat.css?v=tintin-20260811-cls-desktop-stable-2
OK — privacidad.html: recurso local css/theme/superficies-solidas-interfaz.css?v=tintin-20260811-cls-desktop-stable-2
OK — privacidad.html: recurso local css/components/navigation/movil/fondos-solidos-movil.css?v=tintin-20260811-cls-desktop-stable-2
OK — privacidad.html: recurso local css/theme/fondo-solido-cargador.css?v=tintin-20260811-cls-desktop-stable-2
OK — privacidad.html: recurso local css/core/tokens-color.css?v=tintin-20260811-cls-desktop-stable-2
OK — privacidad.html: recurso local styles.css?v=tintin-20260811-cls-desktop-stable-2
OK — privacidad.html: recurso local css/quality/ajuste-global.css?v=tintin-20260811-cls-desktop-stable-2
OK — privacidad.html: recurso local css/quality/estados-especiales-sistema.css?v=tintin-20260811-cls-desktop-stable-2
OK — privacidad.html: recurso local css/quality/calidad-interfaz.css?v=tintin-20260811-cls-desktop-stable-2
OK — privacidad.html: recurso local css/core/tema-unificado-tintin.css?v=tintin-20260811-cls-desktop-stable-2
OK — privacidad.html: recurso local css/core/limpieza-tema-tintin.css?v=tintin-20260811-cls-desktop-stable-2
OK — privacidad.html: recurso local css/theme/paridad-segura-tintin.css?v=tintin-20260811-cls-desktop-stable-2
OK — privacidad.html: recurso local css/quality/movimiento.css?v=tintin-20260811-cls-desktop-stable-2
OK — privacidad.html: recurso local css/quality/contraste.css?v=tintin-20260811-cls-desktop-stable-2
OK — privacidad.html: recurso local assets-tintin/images/general/logo.png?v=tintin-20260715-15
OK — privacidad.html: recurso local tienda.js?v=tintin-20260813-products-unified-1
OK — privacidad.html: recurso local js/components/contact/whatsapp.js?v=tintin-20260716-cloudinary-fix-1
OK — privacidad.html: recurso local js/analytics/analitica.js?v=tintin-20260716-cloudinary-fix-1
OK — privacidad.html: recurso local js/core/auth/proteccion-sesion.js?v=tintin-20260726-session-guard-1
OK — privacidad.html: recurso local js/components/color/esquema-color.js?v=tintin-20260716-cloudinary-fix-1
OK — privacidad.html: recurso local js/visual-builder-bootstrap.js?v=tintin-20260814-visual-studio-v2-4
OK — product.html: recurso local js/components/color/esquema-color-instantaneo.js?v=tintin-20260810-fast-nav-2
OK — product.html: recurso local js/cargador-pagina.js?v=tintin-20260812-apariencia-seleccion-1
OK — product.html: recurso local js/components/navigation/compatibilidad/inicio-control-paneles.js?v=tintin-20260811-cls-desktop-stable-2
OK — product.html: recurso local js/inicio-navegacion-publica.js?v=tintin-20260814-social-notifications-1
OK — product.html: recurso local favicon.ico
OK — product.html: recurso local favicon-32x32.png
OK — product.html: recurso local favicon-16x16.png
OK — product.html: recurso local apple-touch-icon.png
OK — product.html: recurso local manifest.json
OK — product.html: recurso local assets-tintin/fonts/montserrat-latin-wght-normal.woff2
OK — product.html: recurso local assets-tintin/fonts/montserrat-latin-wght-italic.woff2
OK — product.html: recurso local js/core/firebase/firebase.js?v=tintin-20260730-appcheck-stable-4
OK — product.html: recurso local js/core/store-gate/control-tienda.js?v=tintin-20260809-loader-lifecycle-fix-1
OK — product.html: recurso local js/core/store-gate/nucleo-control-tienda.js?v=tintin-20260730-appcheck-stable-4
OK — product.html: recurso local js/components/navigation/entrada-navegacion-publica.js?v=tintin-20260814-social-notifications-1
OK — product.html: recurso local css/components/navigation/escritorio/encabezado-escritorio.css?v=tintin-20260811-cls-header-reserve-1
OK — product.html: recurso local css/components/navigation/tableta/encabezado-tableta.css?v=tintin-20260811-cls-header-reserve-1
OK — product.html: recurso local css/components/navigation/movil/encabezado-movil.css?v=tintin-20260811-cls-header-reserve-1
OK — product.html: recurso local css/components/navigation/compartido/transiciones-navegacion.css?v=tintin-20260811-cls-header-reserve-1
OK — product.html: recurso local css/components/navigation/compartido/paneles.css?v=tintin-20260811-cls-header-reserve-1
OK — product.html: recurso local css/components/navigation/compartido/busqueda.css?v=tintin-20260811-cls-header-reserve-1
OK — product.html: recurso local css/core/montserrat.css?v=tintin-20260811-cls-desktop-stable-2
OK — product.html: recurso local css/theme/superficies-solidas-interfaz.css?v=tintin-20260811-cls-desktop-stable-2
OK — product.html: recurso local css/components/navigation/movil/fondos-solidos-movil.css?v=tintin-20260811-cls-desktop-stable-2
OK — product.html: recurso local css/theme/fondo-solido-cargador.css?v=tintin-20260811-cls-desktop-stable-2
OK — product.html: recurso local css/core/tokens-color.css?v=tintin-20260811-cls-desktop-stable-2
OK — product.html: recurso local styles.css?v=tintin-20260811-cls-desktop-stable-2
OK — product.html: recurso local css/quality/ajuste-global.css?v=tintin-20260811-cls-desktop-stable-2
OK — product.html: recurso local css/quality/estados-especiales-sistema.css?v=tintin-20260811-cls-desktop-stable-2
OK — product.html: recurso local css/quality/calidad-interfaz.css?v=tintin-20260811-cls-desktop-stable-2
OK — product.html: recurso local css/core/tema-unificado-tintin.css?v=tintin-20260811-cls-desktop-stable-2
OK — product.html: recurso local css/core/limpieza-tema-tintin.css?v=tintin-20260811-cls-desktop-stable-2
OK — product.html: recurso local css/theme/paridad-segura-tintin.css?v=tintin-20260811-cls-desktop-stable-2
OK — product.html: recurso local css/pages/product/product-extras.css?v=tintin-20260813-products-unified-1
OK — product.html: recurso local css/pages/product/resenas-producto.css?v=tintin-20260814-reviews-pink-gold-1
OK — product.html: recurso local css/components/notifications/interacciones-sociales.css?v=tintin-20260814-social-notifications-1
OK — product.html: recurso local css/quality/movimiento.css?v=tintin-20260811-cls-desktop-stable-2
OK — product.html: recurso local css/quality/contraste.css?v=tintin-20260811-cls-desktop-stable-2
OK — product.html: recurso local assets-tintin/images/general/logo.png?v=tintin-20260715-15
OK — product.html: recurso local tienda.js?v=tintin-20260813-products-unified-1
OK — product.html: recurso local js/components/images/inicio-carga-imagenes.js?v=tintin-20260716-cloudinary-fix-1
OK — product.html: recurso local js/components/contact/whatsapp.js?v=tintin-20260716-cloudinary-fix-1
OK — product.html: recurso local js/analytics/analitica.js?v=tintin-20260716-cloudinary-fix-1
OK — product.html: recurso local js/core/auth/proteccion-sesion.js?v=tintin-20260726-session-guard-1
OK — product.html: recurso local js/pages/product/beneficios-producto.js?v=tintin-20260716-cloudinary-fix-1
OK — product.html: recurso local js/pages/product/seleccion-producto.js?v=tintin-20260716-cloudinary-fix-1
OK — product.html: recurso local js/pages/product/productos-relacionados.js?v=tintin-20260716-cloudinary-fix-1
OK — product.html: recurso local js/pages/product/resenas-producto.js?v=tintin-20260814-social-notifications-1
OK — product.html: recurso local js/components/color/esquema-color.js?v=tintin-20260716-cloudinary-fix-1
OK — product.html: recurso local js/visual-builder-bootstrap.js?v=tintin-20260814-visual-studio-v2-4
OK — terminos.html: recurso local js/components/color/esquema-color-instantaneo.js?v=tintin-20260810-fast-nav-2
OK — terminos.html: recurso local js/cargador-pagina.js?v=tintin-20260812-apariencia-seleccion-1
OK — terminos.html: recurso local js/components/navigation/compatibilidad/inicio-control-paneles.js?v=tintin-20260811-cls-desktop-stable-2
OK — terminos.html: recurso local js/inicio-navegacion-publica.js?v=tintin-20260814-social-notifications-1
OK — terminos.html: recurso local favicon.ico
OK — terminos.html: recurso local favicon-32x32.png
OK — terminos.html: recurso local favicon-16x16.png
OK — terminos.html: recurso local apple-touch-icon.png
OK — terminos.html: recurso local manifest.json
OK — terminos.html: recurso local assets-tintin/fonts/montserrat-latin-wght-normal.woff2
OK — terminos.html: recurso local assets-tintin/fonts/montserrat-latin-wght-italic.woff2
OK — terminos.html: recurso local js/core/firebase/firebase.js?v=tintin-20260730-appcheck-stable-4
OK — terminos.html: recurso local js/core/store-gate/control-tienda.js?v=tintin-20260809-loader-lifecycle-fix-1
OK — terminos.html: recurso local js/core/store-gate/nucleo-control-tienda.js?v=tintin-20260730-appcheck-stable-4
OK — terminos.html: recurso local js/components/navigation/entrada-navegacion-publica.js?v=tintin-20260814-social-notifications-1
OK — terminos.html: recurso local css/components/navigation/escritorio/encabezado-escritorio.css?v=tintin-20260811-cls-header-reserve-1
OK — terminos.html: recurso local css/components/navigation/tableta/encabezado-tableta.css?v=tintin-20260811-cls-header-reserve-1
OK — terminos.html: recurso local css/components/navigation/movil/encabezado-movil.css?v=tintin-20260811-cls-header-reserve-1
OK — terminos.html: recurso local css/components/navigation/compartido/transiciones-navegacion.css?v=tintin-20260811-cls-header-reserve-1
OK — terminos.html: recurso local css/components/navigation/compartido/paneles.css?v=tintin-20260811-cls-header-reserve-1
OK — terminos.html: recurso local css/components/navigation/compartido/busqueda.css?v=tintin-20260811-cls-header-reserve-1
OK — terminos.html: recurso local css/core/montserrat.css?v=tintin-20260811-cls-desktop-stable-2
OK — terminos.html: recurso local css/theme/superficies-solidas-interfaz.css?v=tintin-20260811-cls-desktop-stable-2
OK — terminos.html: recurso local css/components/navigation/movil/fondos-solidos-movil.css?v=tintin-20260811-cls-desktop-stable-2
OK — terminos.html: recurso local css/theme/fondo-solido-cargador.css?v=tintin-20260811-cls-desktop-stable-2
OK — terminos.html: recurso local css/core/tokens-color.css?v=tintin-20260811-cls-desktop-stable-2
OK — terminos.html: recurso local styles.css?v=tintin-20260811-cls-desktop-stable-2
OK — terminos.html: recurso local css/quality/ajuste-global.css?v=tintin-20260811-cls-desktop-stable-2
OK — terminos.html: recurso local css/quality/estados-especiales-sistema.css?v=tintin-20260811-cls-desktop-stable-2
OK — terminos.html: recurso local css/quality/calidad-interfaz.css?v=tintin-20260811-cls-desktop-stable-2
OK — terminos.html: recurso local css/core/tema-unificado-tintin.css?v=tintin-20260811-cls-desktop-stable-2
OK — terminos.html: recurso local css/core/limpieza-tema-tintin.css?v=tintin-20260811-cls-desktop-stable-2
OK — terminos.html: recurso local css/theme/paridad-segura-tintin.css?v=tintin-20260811-cls-desktop-stable-2
OK — terminos.html: recurso local css/quality/movimiento.css?v=tintin-20260811-cls-desktop-stable-2
OK — terminos.html: recurso local css/quality/contraste.css?v=tintin-20260811-cls-desktop-stable-2
OK — terminos.html: recurso local assets-tintin/images/general/logo.png?v=tintin-20260715-15
OK — terminos.html: recurso local tienda.js?v=tintin-20260813-products-unified-1
OK — terminos.html: recurso local js/components/contact/whatsapp.js?v=tintin-20260716-cloudinary-fix-1
OK — terminos.html: recurso local js/analytics/analitica.js?v=tintin-20260716-cloudinary-fix-1
OK — terminos.html: recurso local js/core/auth/proteccion-sesion.js?v=tintin-20260726-session-guard-1
OK — terminos.html: recurso local js/components/color/esquema-color.js?v=tintin-20260716-cloudinary-fix-1
OK — terminos.html: recurso local js/visual-builder-bootstrap.js?v=tintin-20260814-visual-studio-v2-4
OK — Fase 11 forma parte del cierre
OK — Origen y rutas forman parte del cierre
OK — Existe monitor de producción

Auditoría Fase 11: SEO y publicación correctos (834 comprobaciones).

> audit:public-operational-contract
> node scripts/auditar-publico-operativo-contrato.js

Contrato de visibilidad operativa y navegacion activa: correcto.

> audit:cache-versioning
> node scripts/auditar-versionado-cache.mjs

Auditoría de versionado de caché: correcta (162 archivos versionados, todos consistentes con su ?v=).
